MO;pHCaCl2;K;Ca;Mg;H+Al;Al;S;B;Cu;Fe;Mn;Zn;SB;CTC_efetiva;CTC_total;V
19.0;4.0;1.2;5.0;3.0;65.0;7.0;73.0;0.7;3.8;7.0;22.0;1.3;9.2;16.2;74.2;12.398921832884096
20.0;3.7;1.5;9.0;2.0;88.0;16.0;82.0;0.46;8.2;16.0;33.0;2.9;12.5;28.5;100.5;12.437810945273633
20.0;4.0;1.5;5.0;1.0;61.0;13.0;56.0;0.69;6.5;16.0;16.0;2.1;7.5;20.5;68.5;10.948905109489052
20.0;4.0;1.6;5.0;2.0;64.0;7.0;53.0;0.19;6.0;15.0;24.7;1.9;8.6;15.6;72.6;11.84573002754821
19.0;4.1;1.6;10.0;2.0;54.0;14.0;79.0;0.97;8.9;21.0;30.2;2.0;13.6;27.6;67.6;20.118343195266274
16.0;4.1;1.5;6.0;1.0;47.0;11.0;42.0;0.37;4.2;12.0;10.0;1.4;8.5;19.5;55.5;15.315315315315313
18.0;4.1;1.4;8.0;3.0;64.0;11.0;37.0;0.25;6.0;19.0;25.6;2.0;12.4;23.4;76.4;16.230366492146597
17.0;4.1;1.6;6.0;3.0;81.0;15.0;35.0;0.47;6.1;11.0;23.0;2.0;10.6;25.6;91.6;11.572052401746726
17.0;4.2;1.6;6.0;3.0;80.0;14.0;33.0;0.45;6.1;11.0;23.0;1.9;10.6;24.6;90.6;11.699779249448124
17.0;4.0;1.4;9.0;1.0;77.0;5.0;48.0;0.22;5.5;10.0;10.6;2.2;11.4;16.4;88.4;12.895927601809953
25.0;4.0;1.3;4.0;1.0;71.0;14.0;95.0;0.87;6.5;13.0;28.2;2.0;6.3;20.3;77.3;8.15006468305304
24.0;3.9;1.3;8.0;2.0;81.0;16.0;70.0;0.54;3.8;10.0;20.1;2.2;11.3;27.3;92.3;12.242686890574216
30.0;4.0;1.5;5.0;2.0;79.0;13.0;36.0;0.76;5.8;14.0;22.2;2.0;8.5;21.5;87.5;9.714285714285714
21.0;4.2;1.6;5.0;3.0;63.0;12.0;42.0;0.59;4.8;12.0;11.1;1.8;9.6;21.6;72.6;13.223140495867769
23.0;3.9;1.7;7.0;3.0;74.0;17.0;50.0;0.31;6.2;23.0;21.8;1.8;11.7;28.7;85.7;13.65227537922987
20.0;4.1;1.7;6.0;3.0;55.0;13.0;39.0;0.56;5.0;12.0;7.8;1.6;10.7;23.7;65.7;16.28614916286149
21.0;4.2;1.5;10.0;4.0;98.0;3.0;9.0;0.24;7.9;16.0;22.0;2.3;15.5;18.5;113.5;13.656387665198238
21.0;3.9;1.6;8.0;2.0;72.0;14.0;78.0;0.84;5.1;11.0;24.2;1.6;11.6;25.6;83.6;13.875598086124402
19.0;4.0;1.7;6.0;1.0;99.0;14.0;63.0;0.55;5.9;15.0;13.9;2.1;8.7;22.7;107.7;8.077994428969358
19.0;3.9;1.6;9.0;2.0;72.0;15.0;59.0;0.4;6.6;16.0;24.4;2.3;12.6;27.6;84.6;14.893617021276595
22.0;4.0;1.5;6.0;2.0;62.0;13.0;62.0;0.8;6.0;12.0;20.0;1.9;9.5;22.5;71.5;13.286713286713287
20.0;4.1;1.3;7.0;3.0;80.0;14.0;68.0;0.65;5.4;13.0;14.9;3.2;11.3;25.3;91.3;12.376779846659366
20.0;4.0;1.5;7.0;2.0;75.0;13.0;59.0;0.4;6.0;13.0;23.3;2.0;10.5;23.5;85.5;12.280701754385964
22.0;4.0;1.3;9.0;4.0;68.0;14.0;61.0;0.89;6.0;18.0;16.0;2.0;14.3;28.3;82.3;17.375455650060758
22.0;4.1;1.6;7.0;2.0;19.0;11.0;55.0;0.87;5.6;18.0;15.0;1.8;10.6;21.6;29.6;35.81081081081081
20.0;4.1;1.5;6.0;1.0;83.0;9.0;53.0;0.59;6.6;13.0;14.3;2.0;8.5;17.5;91.5;9.289617486338798
20.0;4.1;1.2;5.0;2.0;97.0;13.0;46.0;0.71;4.5;12.0;12.1;1.9;8.2;21.2;105.2;7.794676806083649
18.0;4.0;1.5;6.0;1.0;65.0;15.0;57.0;0.66;7.1;18.0;32.7;2.3;8.5;23.5;73.5;11.564625850340136
24.0;3.9;1.6;6.0;2.0;98.0;20.0;63.0;0.49;7.1;17.0;21.9;2.1;9.6;29.6;107.6;8.921933085501859
22.0;3.9;1.6;5.0;2.0;88.0;19.0;68.0;0.43;7.2;19.0;21.4;2.5;8.6;27.6;96.6;8.902691511387163
21.0;4.0;1.7;6.0;2.0;70.0;12.0;50.0;0.56;7.0;14.0;14.8;1.8;9.7;21.7;79.7;12.170639899623586
19.0;4.0;1.6;5.0;2.0;68.0;12.0;55.0;0.66;6.4;14.0;16.0;1.9;8.6;20.6;76.6;11.22715404699739
20.0;4.1;1.5;5.0;2.0;73.0;10.0;35.0;0.47;6.8;14.0;11.4;1.8;8.5;18.5;81.5;10.429447852760736
19.0;4.2;1.6;6.0;2.0;68.0;13.0;53.0;0.31;6.4;14.0;19.6;2.0;9.6;22.6;77.6;12.371134020618557
22.0;3.9;1.3;6.0;2.0;80.0;13.0;51.0;0.51;6.9;19.0;20.6;1.9;9.3;22.3;89.3;10.414333706606945
19.0;4.0;1.5;5.0;2.0;65.0;15.0;58.0;0.73;7.6;17.0;26.7;2.0;8.5;23.5;73.5;11.564625850340136
17.0;4.0;1.7;5.0;2.0;65.0;13.0;6.0;0.45;6.4;12.0;0.7;2.0;8.7;21.7;73.7;11.80461329715061
21.0;4.0;1.4;6.0;1.0;88.0;12.0;56.0;0.57;6.4;18.0;19.2;2.1;8.4;20.4;96.4;8.71369294605809
23.0;4.1;1.1;5.0;1.0;65.0;19.0;65.0;0.82;2.6;2.0;5.8;0.9;7.1;26.1;72.1;9.847434119278779
26.0;3.9;0.9;4.0;2.0;61.0;11.0;59.0;0.98;6.7;15.0;22.0;2.0;6.9;17.9;67.9;10.1620029455081
20.0;3.9;1.4;6.0;1.0;82.0;12.0;62.0;0.61;6.8;18.0;13.3;2.0;8.4;20.4;90.4;9.292035398230087
21.0;4.0;1.4;6.0;1.0;88.0;11.0;59.0;0.57;7.5;18.0;12.0;2.0;8.4;19.4;96.4;8.71369294605809
23.0;4.0;1.3;5.0;1.0;72.0;14.0;74.0;0.4;6.5;17.0;16.0;2.6;7.3;21.3;79.3;9.205548549810844
22.0;4.0;1.0;3.0;1.0;77.0;11.0;80.0;0.43;6.7;19.0;17.5;3.0;5.0;16.0;82.0;6.097560975609756
21.0;4.0;1.4;7.0;3.0;74.0;12.0;72.0;0.58;5.1;19.0;17.4;2.0;11.4;23.4;85.4;13.34894613583138
18.0;4.0;1.7;7.0;1.0;76.0;13.0;73.0;0.59;7.0;14.0;22.8;2.4;9.7;22.7;85.7;11.318553092182029
20.0;4.0;1.4;7.0;2.0;75.0;8.0;58.0;0.56;6.6;14.0;40.0;2.0;10.4;18.4;85.4;12.177985948477751
17.0;4.1;1.4;4.0;2.0;76.0;12.0;40.0;0.43;5.8;12.0;18.3;2.1;7.4;19.4;83.4;8.872901678657074
21.0;4.1;0.9;8.0;3.0;61.0;13.0;59.0;0.68;5.2;41.0;11.6;1.9;11.9;24.9;72.9;16.323731138545952
20.0;4.0;1.4;6.0;1.0;80.0;11.0;16.0;0.56;6.3;19.0;33.9;2.3;8.4;19.4;88.4;9.502262443438914
17.0;4.1;1.3;7.0;2.0;76.0;7.0;65.0;0.47;7.5;19.0;38.5;2.5;10.3;17.3;86.3;11.9351100811124
21.0;3.9;1.2;6.0;2.0;84.0;12.0;56.0;0.71;7.1;19.0;12.6;2.1;9.2;21.2;93.2;9.871244635193133
35.0;3.9;2.0;4.0;1.0;76.0;8.0;54.0;0.32;6.3;14.0;20.8;1.9;7.0;15.0;83.0;8.433734939759036
19.0;4.1;1.6;9.0;3.0;68.0;11.0;52.0;0.91;5.5;16.0;27.6;1.7;13.6;24.6;81.6;16.666666666666668
18.0;4.1;1.6;8.0;2.0;72.0;15.0;58.0;0.43;5.7;11.0;25.0;2.0;11.6;26.6;83.6;13.875598086124402
19.0;3.8;1.6;7.0;2.0;72.0;12.0;55.0;0.44;6.2;13.0;31.8;2.0;10.6;22.6;82.6;12.832929782082324
17.0;3.9;2.0;6.0;2.0;80.0;10.0;70.0;0.4;7.1;15.0;9.2;2.2;10.0;20.0;90.0;11.11111111111111
19.0;3.7;1.6;8.0;2.0;77.0;14.0;54.0;0.48;6.4;12.0;17.1;2.1;11.6;25.6;88.6;13.092550790067719
20.0;4.2;1.6;9.0;3.0;60.0;10.0;35.0;0.27;6.2;18.0;19.6;2.6;13.6;23.6;73.6;18.47826086956522
16.0;3.8;1.7;7.0;1.0;84.0;13.0;49.0;0.74;5.7;19.0;29.8;2.4;9.7;22.7;93.7;10.352187833511204
20.0;4.1;1.6;7.0;3.0;70.0;13.0;38.0;0.34;6.3;18.0;18.7;2.3;11.6;24.6;81.6;14.215686274509803
20.0;4.2;1.6;5.0;1.0;66.0;12.0;43.0;0.67;6.9;20.0;23.0;2.2;7.6;19.6;73.6;10.326086956521738
21.0;4.1;1.5;9.0;3.0;60.0;9.0;35.0;0.27;6.1;18.0;20.0;2.5;13.5;22.5;73.5;18.367346938775512
19.0;4.3;1.5;5.0;2.0;68.0;14.0;36.0;0.35;6.4;2.0;21.0;2.0;8.5;22.5;76.5;11.11111111111111
16.0;4.0;1.7;6.0;2.0;60.0;12.0;56.0;0.3;5.9;14.0;21.6;2.2;9.7;21.7;69.7;13.916786226685796
19.0;4.0;2.4;9.0;4.0;57.0;9.0;35.0;0.6;5.0;23.0;15.0;2.0;15.4;24.4;72.4;21.270718232044196
20.0;4.3;1.7;8.0;2.0;65.0;14.0;78.0;0.2;6.9;17.0;34.8;2.3;11.7;25.7;76.7;15.254237288135592
23.0;3.8;1.2;9.0;4.0;53.0;8.0;36.0;0.1;4.8;18.0;13.3;1.3;14.2;22.2;67.2;21.13095238095238
16.0;4.1;1.3;10.0;4.0;44.0;11.0;38.0;0.58;5.3;14.0;11.0;1.9;15.3;26.3;59.3;25.801011804384487
20.0;4.1;1.7;7.0;2.0;73.0;14.0;102.0;0.28;7.6;18.0;39.9;2.4;10.7;24.7;83.7;12.78375149342891
22.0;4.1;2.5;8.0;3.0;56.0;10.0;42.0;0.38;8.0;20.0;12.0;2.5;13.5;23.5;69.5;19.424460431654676
20.0;3.9;1.5;7.0;2.0;69.0;10.0;90.0;0.47;5.7;14.0;12.8;2.1;10.5;20.5;79.5;13.20754716981132
21.0;4.3;1.6;8.0;3.0;58.0;9.0;38.0;0.3;6.3;20.0;14.0;2.5;12.6;21.6;70.6;17.84702549575071
18.0;4.0;1.9;9.0;2.0;76.0;15.0;59.0;0.58;6.5;13.0;30.9;2.2;12.9;27.9;88.9;14.510686164229472
19.0;4.0;1.3;6.0;1.0;82.0;12.0;55.0;0.75;6.8;19.0;13.2;2.2;8.3;20.3;90.3;9.191583610188262
17.0;3.9;1.3;6.0;1.0;73.0;8.0;56.0;0.55;6.5;14.0;46.5;2.3;8.3;16.3;81.3;10.209102091020911
20.0;4.1;1.3;5.0;2.0;85.0;16.0;106.0;0.58;5.5;17.0;23.9;2.1;8.3;24.3;93.3;8.89603429796356
17.0;4.0;1.5;7.0;2.0;70.0;8.0;67.0;0.5;6.2;15.0;42.5;2.4;10.5;18.5;80.5;13.043478260869565
20.0;4.0;1.4;7.0;1.0;75.0;12.0;43.0;0.63;6.8;17.0;38.6;2.1;9.4;21.4;84.4;11.137440758293838
22.0;4.0;1.6;8.0;1.0;70.0;12.0;49.0;0.57;5.6;7.0;22.7;2.0;10.6;22.6;80.6;13.151364764267989
19.0;4.0;1.3;6.0;1.0;75.0;12.0;53.0;0.65;6.1;13.0;22.0;2.2;8.3;20.3;83.3;9.963985594237696
19.0;4.2;1.7;7.0;2.0;64.0;15.0;82.0;0.2;7.3;19.0;33.6;2.2;10.7;25.7;74.7;14.323962516733598
20.0;4.0;1.5;7.0;1.0;68.0;13.0;62.0;0.67;6.6;15.0;34.5;2.1;9.5;22.5;77.5;12.258064516129032
22.0;4.0;1.5;5.0;1.0;78.0;12.0;68.0;0.75;5.8;17.0;18.6;1.8;7.5;19.5;85.5;8.771929824561402
21.0;4.0;1.7;5.0;2.0;79.0;13.0;71.0;1.04;6.0;12.0;26.7;2.3;8.7;21.7;87.7;9.920182440136829
20.0;4.0;1.5;5.0;1.0;72.0;15.0;72.0;0.5;6.7;16.0;12.3;2.2;7.5;22.5;79.5;9.433962264150944
19.0;3.9;1.4;6.0;1.0;64.0;9.0;64.0;0.47;7.3;19.0;27.1;1.8;8.4;17.4;72.4;11.602209944751381
23.0;4.0;2.2;7.0;2.0;75.0;12.0;61.0;1.02;4.8;14.0;17.0;2.1;11.2;23.2;86.2;12.993039443155451
24.0;4.1;2.7;4.0;2.0;85.0;9.0;40.0;0.56;7.1;15.0;8.1;1.8;8.7;17.7;93.7;9.284951974386338
16.0;4.6;5.0;24.0;8.0;33.0;1.0;5.0;0.14;2.3;37.0;0.4;1.9;37.0;38.0;70.0;52.85714285714286
19.0;4.3;4.3;19.0;7.0;42.0;4.0;10.0;0.15;4.7;49.0;7.0;3.3;30.3;34.3;72.3;41.90871369294606
18.0;4.5;5.5;24.0;8.0;32.0;2.0;7.0;0.18;3.6;47.0;2.0;2.7;37.5;39.5;69.5;53.956834532374096
18.0;4.5;4.4;20.0;7.0;36.0;4.0;5.0;0.21;3.1;42.0;2.2;1.8;31.4;35.4;67.4;46.587537091988125
18.0;4.5;5.0;22.0;7.0;34.0;3.0;11.0;0.32;4.8;47.0;3.8;2.4;34.0;37.0;68.0;50.0
15.0;4.6;4.7;24.0;8.0;34.0;3.0;4.0;0.12;2.6;48.0;1.4;2.0;36.7;39.7;70.7;51.90947666195191
16.0;4.5;5.1;25.0;8.0;31.0;3.0;9.0;0.3;3.4;41.0;2.9;2.6;38.1;41.1;69.1;55.137481910274964
18.0;4.6;4.9;19.0;9.0;33.0;3.0;6.0;0.17;3.7;37.0;3.7;2.5;32.9;35.9;65.9;49.92412746585735
17.0;4.6;4.8;19.0;9.0;33.0;3.0;6.0;0.18;3.7;37.0;3.7;2.3;32.8;35.8;65.8;49.84802431610942
22.0;4.5;4.8;27.0;9.0;33.0;2.0;8.0;0.2;3.3;41.0;1.3;2.5;40.8;42.8;73.8;55.28455284552846
23.0;4.6;4.1;18.0;5.0;32.0;4.0;11.0;0.22;3.7;44.0;2.7;2.6;27.1;31.1;59.1;45.854483925549914
15.0;4.5;3.8;22.0;4.0;35.0;3.0;7.0;0.15;2.3;40.0;3.0;2.7;29.8;32.8;64.8;45.98765432098766
24.0;4.5;4.0;15.0;5.0;36.0;1.0;6.0;0.26;3.4;38.0;2.7;2.6;24.0;25.0;60.0;40.0
19.0;4.6;4.5;25.0;9.0;32.0;2.0;8.0;0.2;2.9;42.0;2.1;2.3;38.5;40.5;70.5;54.60992907801418
21.0;4.5;5.6;16.0;7.0;38.0;3.0;7.0;0.23;3.2;56.0;2.9;2.1;28.6;31.6;66.6;42.94294294294295
18.0;4.5;4.7;26.0;9.0;30.0;3.0;10.0;0.2;3.1;44.0;3.1;2.4;39.7;42.7;69.7;56.9583931133429
18.0;4.7;1.1;17.0;6.0;98.0;1.0;8.0;0.2;4.8;35.0;4.0;2.9;24.1;25.1;122.1;19.73791973791974
18.0;4.4;4.6;25.0;8.0;34.0;3.0;6.0;0.18;2.8;36.0;2.3;2.0;37.6;40.6;71.6;52.51396648044694
18.0;4.4;6.2;26.0;9.0;45.0;4.0;7.0;0.2;3.6;67.0;1.8;2.7;41.2;45.2;86.2;47.79582366589327
19.0;4.4;5.0;26.0;5.0;34.0;4.0;7.0;0.15;3.6;44.0;2.6;2.7;36.0;40.0;70.0;51.42857142857142
21.0;4.5;4.6;28.0;9.0;34.0;4.0;6.0;0.24;3.3;42.0;2.2;2.2;41.6;45.6;75.6;55.02645502645503
20.0;4.6;5.4;24.0;10.0;40.0;3.0;7.0;0.23;3.1;45.0;2.7;6.8;39.4;42.4;79.4;49.62216624685138
22.0;4.5;5.3;23.0;8.0;36.0;4.0;8.0;0.17;3.2;45.0;2.3;2.4;36.3;40.3;72.3;50.20746887966805
21.0;4.5;4.0;27.0;12.0;36.0;4.0;6.0;0.24;3.4;45.0;2.0;2.4;43.0;47.0;79.0;54.43037974683544
19.0;4.4;5.1;25.0;8.0;36.0;5.0;7.0;0.24;3.4;44.0;2.2;2.2;38.1;43.1;74.1;51.417004048583
19.0;4.6;4.6;23.0;7.0;41.0;4.0;7.0;0.12;3.7;50.0;1.5;2.7;34.6;38.6;75.6;45.76719576719577
19.0;4.5;4.7;25.0;8.0;34.0;3.0;8.0;0.17;3.2;50.0;4.0;2.6;37.7;40.7;71.7;52.58019525801952
17.0;4.5;5.6;22.0;8.0;34.0;3.0;8.0;0.24;3.7;55.0;3.1;2.9;35.6;38.6;69.6;51.14942528735633
22.0;4.4;5.2;20.0;10.0;42.0;5.0;6.0;0.14;3.8;41.0;3.0;2.6;35.2;40.2;77.2;45.59585492227979
20.0;4.4;5.7;17.0;9.0;42.0;6.0;8.0;0.15;4.0;47.0;3.1;2.8;31.7;37.7;73.7;43.01221166892809
19.0;4.5;5.0;23.0;8.0;34.0;2.0;8.0;0.24;3.6;40.0;1.5;2.4;36.0;38.0;70.0;51.42857142857142
20.0;4.5;5.2;24.0;8.0;34.0;3.0;7.0;0.21;3.6;41.0;1.7;2.4;37.2;40.2;71.2;52.24719101123596
20.0;4.5;4.6;22.0;7.0;35.0;2.0;7.0;0.22;3.5;42.0;1.2;2.2;33.6;35.6;68.6;48.9795918367347
20.0;4.6;5.0;23.0;9.0;34.0;3.0;8.0;0.1;3.8;48.0;1.8;2.4;37.0;40.0;71.0;52.112676056338024
20.0;4.5;4.4;20.0;7.0;36.0;3.0;6.0;0.2;3.8;56.0;3.6;2.2;31.4;34.4;67.4;46.587537091988125
20.0;4.5;4.9;20.0;8.0;30.0;4.0;7.0;0.22;4.1;47.0;2.9;2.6;32.9;36.9;62.9;52.30524642289348
15.0;4.5;5.0;18.0;8.0;28.0;8.0;34.0;0.17;3.9;41.0;3.0;2.9;31.0;39.0;59.0;52.54237288135594
20.0;4.5;4.5;22.0;8.0;36.0;2.0;7.0;0.19;4.0;61.0;2.3;2.3;34.5;36.5;70.5;48.93617021276596
25.0;4.6;4.0;27.0;9.0;36.0;4.0;12.0;0.24;2.6;24.0;0.9;1.7;40.0;44.0;76.0;52.63157894736842
29.0;4.5;3.3;26.0;6.0;34.0;3.0;13.0;0.3;4.3;35.0;3.2;2.9;35.3;38.3;69.3;50.93795093795094
19.0;4.5;4.0;20.0;7.0;35.0;2.0;8.0;0.22;3.9;50.0;1.1;2.3;31.0;33.0;66.0;46.96969696969697
20.0;4.5;3.6;23.0;7.0;36.0;2.0;7.0;0.18;4.0;60.0;1.0;2.3;33.6;35.6;69.6;48.27586206896552
21.0;4.4;5.4;19.0;6.0;36.0;4.0;5.0;0.18;4.3;57.0;1.6;2.8;30.4;34.4;66.4;45.783132530120476
24.0;4.5;5.4;21.0;7.0;33.0;4.0;9.0;0.22;6.1;42.0;6.0;3.1;33.4;37.4;66.4;50.3012048192771
22.0;4.6;5.8;24.0;8.0;35.0;3.0;7.0;0.12;2.9;50.0;2.0;2.6;37.8;40.8;72.8;51.92307692307692
19.0;4.6;5.3;19.0;7.0;35.0;3.0;9.0;0.21;4.0;52.0;2.7;3.2;31.3;34.3;66.3;47.209653092006036
18.0;4.5;4.2;22.0;8.0;38.0;2.0;7.0;0.21;4.0;41.0;5.0;2.6;34.2;36.2;72.2;47.36842105263158
18.0;4.6;5.3;21.0;9.0;31.0;4.0;6.0;0.26;3.8;47.0;4.0;2.6;35.3;39.3;66.3;53.242835595776775
20.0;4.6;4.0;18.0;7.0;33.0;1.0;5.0;0.17;2.9;31.0;3.7;2.2;29.0;30.0;62.0;46.774193548387096
17.0;4.5;5.7;22.0;7.0;34.0;2.0;8.0;0.19;3.5;44.0;3.1;2.8;34.7;36.7;68.7;50.509461426491995
16.0;4.6;5.0;23.0;9.0;39.0;2.0;8.0;0.21;4.4;54.0;4.9;3.0;37.0;39.0;76.0;48.68421052631579
20.0;4.4;4.0;23.0;9.0;36.0;2.0;7.0;0.2;4.0;56.0;1.5;2.4;36.0;38.0;72.0;50.0
76.0;4.5;4.4;17.0;6.0;33.0;3.0;11.0;0.12;3.5;43.0;1.8;3.0;27.4;30.4;60.4;45.36423841059602
19.0;4.7;6.3;27.0;12.0;31.0;1.0;11.0;0.3;3.9;78.0;3.3;2.6;45.3;46.3;76.3;59.37090432503276
17.0;4.7;6.5;27.0;9.0;36.0;5.0;7.0;0.34;3.2;43.0;2.7;2.4;42.5;47.5;78.5;54.14012738853503
20.0;4.4;5.1;24.0;8.0;38.0;4.0;7.0;0.16;3.1;44.0;2.1;2.4;37.1;41.1;75.1;49.40079893475367
17.0;4.4;4.5;21.0;7.0;38.0;3.0;14.0;0.09;3.8;45.0;1.3;2.6;32.5;35.5;70.5;46.09929078014184
18.0;4.3;5.2;21.0;8.0;39.0;3.0;8.0;0.34;4.1;41.0;1.6;2.5;34.2;37.2;73.2;46.72131147540984
19.0;4.4;4.7;24.0;9.0;40.0;3.0;8.0;0.18;3.5;44.0;3.7;3.0;37.7;40.7;77.7;48.51994851994852
14.0;4.4;4.7;31.0;9.0;38.0;3.0;10.0;0.16;3.0;55.0;3.5;3.0;44.7;47.7;82.7;54.05078597339783
19.0;4.5;4.6;21.0;8.0;41.0;4.0;6.0;0.19;3.6;42.0;3.5;3.1;33.6;37.6;74.6;45.040214477211805
19.0;4.5;4.3;24.0;8.0;29.0;3.0;8.0;0.18;3.9;51.0;3.7;2.7;36.3;39.3;65.3;55.5895865237366
19.0;4.3;4.8;24.0;9.0;40.0;2.0;7.0;0.18;3.4;44.0;3.7;2.9;37.8;39.8;77.8;48.58611825192802
20.0;4.7;4.4;23.0;8.0;36.0;3.0;10.0;0.16;3.6;40.0;3.6;2.4;35.4;38.4;71.4;49.579831932773104
15.0;4.5;4.8;23.0;9.0;41.0;3.0;7.0;0.22;3.3;46.0;2.8;3.0;36.8;39.8;77.8;47.300771208226216
21.0;4.5;5.9;23.0;8.0;36.0;4.0;7.0;0.3;4.0;55.0;4.0;3.0;36.9;40.9;72.9;50.61728395061728
18.0;4.9;5.9;26.0;8.0;33.0;4.0;10.0;0.18;4.0;50.0;3.5;2.9;39.9;43.9;72.9;54.73251028806584
26.0;2.9;6.2;9.0;3.0;41.0;3.0;5.0;0.13;3.8;48.0;7.0;1.7;18.2;21.2;59.2;30.74324324324324
17.0;4.6;5.1;22.0;8.0;32.0;2.0;8.0;0.18;3.4;43.0;1.3;2.4;35.1;37.1;67.1;52.30998509687035
20.0;4.6;5.1;25.0;9.0;36.0;3.0;10.0;0.08;4.6;53.0;4.5;3.2;39.1;42.1;75.1;52.063914780292954
20.0;4.5;5.5;22.0;8.0;35.0;4.0;8.0;0.24;4.0;55.0;3.0;3.0;35.5;39.5;70.5;50.35460992907801
19.0;4.4;4.6;21.0;9.0;35.0;4.0;6.0;0.18;3.2;48.0;1.5;2.3;34.6;38.6;69.6;49.71264367816093
20.0;4.5;4.6;25.0;9.0;36.0;3.0;7.0;0.18;3.4;50.0;2.4;3.2;38.6;41.6;74.6;51.742627345844504
18.0;4.5;6.1;26.0;9.0;34.0;2.0;9.0;0.18;3.5;27.0;2.9;2.6;41.1;43.1;75.1;54.72703062583223
20.0;4.5;4.1;25.0;9.0;35.0;3.0;8.0;0.21;3.8;53.0;1.7;2.5;38.1;41.1;73.1;52.12038303693571
16.0;4.4;4.1;21.0;8.0;34.0;2.0;7.0;0.23;4.0;41.0;5.9;2.8;33.1;35.1;67.1;49.32935916542475
19.0;4.5;4.2;22.0;9.0;38.0;3.0;9.0;0.15;3.5;53.0;2.3;2.6;35.2;38.2;73.2;48.087431693989075
18.0;4.5;4.7;24.0;9.0;38.0;2.0;8.0;0.21;3.9;43.0;5.3;2.7;37.7;39.7;75.7;49.80184940554822
20.0;4.6;4.3;22.0;9.0;33.0;2.0;4.0;0.13;4.1;53.0;3.8;2.6;35.3;37.3;68.3;51.683748169838935
23.0;4.5;5.0;25.0;8.0;32.0;3.0;8.0;0.19;3.3;31.0;2.7;2.5;38.0;41.0;70.0;54.285714285714285
20.0;4.5;4.3;26.0;9.0;35.0;3.0;8.0;0.2;3.4;40.0;2.8;2.5;39.3;42.3;74.3;52.89367429340511
18.0;4.7;5.8;23.0;9.0;33.0;4.0;10.0;0.2;3.9;49.0;3.6;2.6;37.8;41.8;70.8;53.38983050847458
18.0;4.6;5.2;25.0;8.0;33.0;3.0;8.0;0.16;3.8;48.0;3.2;2.7;38.2;41.2;71.2;53.65168539325843
21.0;4.5;5.2;20.0;8.0;42.0;3.0;7.0;0.18;3.3;41.0;1.9;2.3;33.2;36.2;75.2;44.148936170212764
20.0;4.6;5.4;15.0;5.0;36.0;3.0;10.0;0.32;3.4;41.0;2.1;2.8;25.4;28.4;61.4;41.36807817589576
18.0;4.5;6.7;26.0;10.0;34.0;3.0;6.0;0.2;3.7;54.0;3.2;2.3;42.7;45.7;76.7;55.67144719687093
19.0;4.5;5.1;25.0;8.0;30.0;2.0;7.0;0.14;3.7;47.0;2.3;2.1;38.1;40.1;68.1;55.947136563876654
20.0;4.5;5.7;27.0;7.0;28.0;4.0;5.0;0.25;3.8;50.0;2.2;2.9;39.7;43.7;67.7;58.64106351550961
23.0;4.6;6.6;21.0;6.0;34.0;1.0;7.0;0.2;4.1;59.0;0.8;2.7;33.6;34.6;67.6;49.70414201183432
45.0;5.3;6.0;50.0;19.0;43.0;0.0;5.0;0.77;1.0;55.0;72.1;3.8;75.0;75.0;118.0;63.559322033898304
48.0;5.0;4.8;49.0;16.0;42.0;0.0;5.0;0.44;1.9;61.0;52.0;4.9;69.8;69.8;111.8;62.432915921288014
46.0;5.2;6.1;51.0;22.0;32.0;0.0;6.0;0.56;1.2;58.0;30.0;4.4;79.1;79.1;111.1;71.1971197119712
47.0;5.0;5.0;45.0;18.0;36.0;1.0;6.0;0.38;1.1;55.0;46.0;3.9;68.0;69.0;104.0;65.38461538461539
41.0;4.9;5.3;49.0;18.0;44.0;1.0;9.0;0.72;1.5;59.0;64.0;4.1;72.3;73.3;116.3;62.16680997420464
46.0;5.3;5.0;50.0;18.0;34.0;1.0;6.0;0.41;1.0;72.0;35.0;4.5;73.0;74.0;107.0;68.22429906542055
46.0;5.2;6.4;52.0;17.0;31.0;0.0;9.0;0.32;1.2;55.0;46.0;4.1;75.4;75.4;106.4;70.86466165413535
34.0;4.9;6.3;39.0;21.0;36.0;1.0;6.0;0.4;1.4;62.0;63.3;4.5;66.3;67.3;102.3;64.80938416422288
33.0;4.9;6.2;38.0;20.0;36.0;1.0;6.0;0.39;1.4;60.0;62.3;4.4;64.2;65.2;100.2;64.07185628742515
47.0;5.1;5.6;53.0;20.0;33.0;0.0;8.0;0.37;1.3;57.0;32.5;4.8;78.6;78.6;111.6;70.43010752688171
54.0;5.2;4.2;47.0;15.0;33.0;0.0;10.0;0.6;1.3;55.0;60.3;4.4;66.2;66.2;99.2;66.73387096774194
52.0;5.2;4.5;60.0;12.0;35.0;1.0;8.0;0.44;0.9;48.0;10.6;3.6;76.5;77.5;111.5;68.60986547085201
62.0;5.2;6.2;67.0;19.0;36.0;1.0;7.0;0.52;1.4;58.0;27.9;4.6;92.2;93.2;128.2;71.91887675507022
52.0;5.3;5.0;48.0;19.0;38.0;1.0;6.0;0.43;1.0;48.0;20.1;3.9;72.0;73.0;110.0;65.45454545454545
58.0;5.0;6.1;36.0;17.0;42.0;1.0;10.0;0.54;1.6;61.0;34.8;4.3;59.1;60.1;101.1;58.456973293768556
52.0;5.2;5.2;45.0;19.0;37.0;1.0;7.0;0.5;1.0;54.0;19.2;3.9;69.2;70.2;106.2;65.16007532956685
46.0;5.3;5.1;43.0;18.0;98.0;1.0;14.0;0.48;1.2;38.0;23.0;4.6;66.1;67.1;164.1;40.28031687995124
39.0;5.2;5.8;52.0;18.0;34.0;0.0;6.0;0.69;1.0;47.0;51.6;4.1;75.8;75.8;109.8;69.03460837887067
45.0;5.0;7.0;55.0;23.0;47.0;0.0;5.0;0.4;1.1;87.0;41.0;5.1;85.0;85.0;132.0;64.39393939393939
50.0;5.1;5.2;52.0;15.0;36.0;0.0;7.0;0.42;1.1;59.0;57.1;4.6;72.2;72.2;108.2;66.72828096118299
46.0;5.1;4.6;52.0;20.0;34.0;0.0;6.0;0.6;1.1;53.0;48.0;4.2;76.6;76.6;110.6;69.25858951175407
49.0;5.3;6.9;50.0;25.0;42.0;0.0;8.0;0.61;1.1;54.0;29.3;14.2;81.9;81.9;123.9;66.10169491525424
51.0;5.2;6.1;49.0;18.0;38.0;0.0;8.0;0.36;0.9;58.0;47.4;4.5;73.1;73.1;111.1;65.7965796579658
44.0;5.0;4.5;56.0;20.0;34.0;0.0;4.0;0.6;1.0;60.0;20.0;4.8;80.5;80.5;114.5;70.3056768558952
40.0;5.1;4.9;49.0;17.0;36.0;0.0;7.0;0.54;1.2;58.0;44.0;4.2;70.9;70.9;106.9;66.32366697848457
46.0;5.3;5.1;55.0;21.0;39.0;0.0;6.0;0.28;1.0;52.0;30.4;4.0;81.1;81.1;120.1;67.52706078268109
51.0;5.3;5.2;48.0;19.0;34.0;1.0;6.0;0.48;1.1;56.0;24.9;3.9;72.2;73.2;106.2;67.984934086629
44.0;5.2;6.2;52.0;23.0;32.0;0.0;6.0;0.5;1.2;66.0;68.2;4.8;81.2;81.2;113.2;71.73144876325088
43.0;5.0;5.4;45.0;26.0;42.0;0.0;9.0;0.31;1.3;57.0;22.6;4.3;76.4;76.4;118.4;64.52702702702703
43.0;5.0;5.8;36.0;21.0;42.0;0.0;9.0;0.33;1.3;60.0;22.5;4.7;62.8;62.8;104.8;59.923664122137396
43.0;5.2;5.8;48.0;19.0;38.0;0.0;6.0;0.4;1.2;52.0;25.2;4.7;72.8;72.8;110.8;65.70397111913357
44.0;5.2;5.8;50.0;20.0;36.0;0.0;6.0;0.52;1.2;52.0;25.1;4.1;75.8;75.8;111.8;67.79964221824687
46.0;5.2;5.2;46.0;16.0;36.0;0.0;6.0;0.34;1.1;55.0;27.9;4.6;67.2;67.2;103.2;65.11627906976744
46.0;5.0;5.7;47.0;23.0;33.0;0.0;6.0;0.25;1.6;60.0;40.3;4.3;75.7;75.7;108.7;69.64121435142594
45.0;5.2;4.5;50.0;19.0;33.0;0.0;9.0;0.42;1.5;61.0;39.2;4.6;73.5;73.5;106.5;69.01408450704226
44.0;5.1;5.2;48.0;22.0;33.0;0.0;7.0;0.62;1.2;55.0;48.4;4.1;75.2;75.2;108.2;69.50092421441775
42.0;5.1;5.8;48.0;22.0;39.0;2.0;7.0;0.33;0.9;54.0;12.1;4.4;75.8;77.8;114.8;66.02787456445994
45.0;5.1;4.6;45.0;19.0;37.0;0.0;9.0;0.42;1.4;69.0;43.8;4.5;68.6;68.6;105.6;64.96212121212122
52.0;5.2;4.5;61.0;24.0;41.0;0.0;18.0;0.78;1.0;39.0;37.2;4.1;89.5;89.5;130.5;68.5823754789272
59.0;5.1;4.0;58.0;16.0;41.0;0.0;9.0;0.94;1.5;41.0;27.8;4.8;78.0;78.0;119.0;65.54621848739495
46.0;5.1;4.8;44.0;18.0;33.0;0.0;8.0;0.53;1.4;70.0;36.2;4.6;66.8;66.8;99.8;66.93386773547094
52.0;5.1;4.7;46.0;19.0;37.0;0.0;8.0;0.44;1.3;73.0;37.0;4.7;69.7;69.7;106.7;65.32333645735707
46.0;5.3;5.5;49.0;17.0;34.0;0.0;6.0;0.53;1.8;65.0;30.0;4.6;71.5;71.5;105.5;67.77251184834124
52.0;5.2;6.0;52.0;21.0;30.0;0.0;8.0;0.4;2.8;62.0;21.1;5.0;79.0;79.0;109.0;72.47706422018348
51.0;5.2;6.4;49.0;22.0;35.0;1.0;7.0;0.38;1.0;65.0;32.0;4.1;77.4;78.4;112.4;68.86120996441282
48.0;5.3;5.9;54.0;21.0;34.0;1.0;8.0;0.52;1.2;62.0;55.2;5.7;80.9;81.9;114.9;70.40905134899913
43.0;5.1;5.7;50.0;19.0;44.0;0.0;8.0;0.42;1.3;50.0;78.0;4.7;74.7;74.7;118.7;62.93176074136478
37.0;5.3;6.1;51.0;23.0;33.0;0.0;6.0;0.42;1.2;54.0;43.6;4.5;80.1;80.1;113.1;70.82228116710874
47.0;5.2;4.1;48.0;19.0;32.0;0.0;4.0;0.51;1.1;41.0;19.5;4.1;71.1;71.1;103.1;68.96217264791464
41.0;4.4;6.4;53.0;21.0;36.0;0.0;7.0;0.38;1.3;67.0;63.0;4.3;80.4;80.4;116.4;69.0721649484536
43.0;5.1;6.4;51.0;17.0;43.0;0.0;5.0;0.46;1.6;60.0;88.3;5.1;74.4;74.4;117.4;63.37308347529813
49.0;5.1;4.4;44.0;16.0;38.0;0.0;10.0;0.47;1.3;66.0;30.0;4.1;64.4;64.4;102.4;62.890625
78.0;5.1;4.6;44.0;18.0;34.0;1.0;8.0;0.48;0.9;59.0;36.2;4.6;66.6;67.6;100.6;66.2027833001988
48.0;5.4;7.5;59.0;27.0;30.0;0.0;10.0;0.9;1.3;102.0;66.0;4.6;93.5;93.5;123.5;75.7085020242915
43.0;5.3;7.9;56.0;22.0;36.0;1.0;6.0;0.32;1.0;53.0;55.6;4.7;85.9;86.9;121.9;70.467596390484
48.0;5.1;6.0;49.0;18.0;36.0;1.0;7.0;0.42;0.9;56.0;53.0;4.4;73.0;74.0;109.0;66.97247706422019
45.0;5.1;4.7;51.0;22.0;37.0;0.0;7.0;0.36;1.2;56.0;18.4;4.7;77.7;77.7;114.7;67.74193548387096
51.0;4.8;6.2;43.0;18.0;36.0;0.0;7.0;0.27;1.7;58.0;36.1;4.5;67.2;67.2;103.2;65.11627906976744
47.0;4.9;5.2;52.0;21.0;38.0;0.0;6.0;0.38;1.3;46.0;51.2;4.5;78.2;78.2;116.2;67.29776247848537
38.0;5.0;5.1;52.0;18.0;38.0;0.0;4.0;0.48;1.0;68.0;75.0;5.3;75.1;75.1;113.1;66.40141467727675
43.0;4.9;5.3;45.0;20.0;40.0;0.0;5.0;0.43;1.4;50.0;55.0;4.8;70.3;70.3;110.3;63.73526745240253
47.0;4.9;5.3;51.0;20.0;37.0;1.0;8.0;0.56;1.3;75.0;63.0;4.5;76.3;77.3;113.3;67.34333627537511
47.0;4.9;5.3;52.0;21.0;38.0;0.0;6.0;0.38;1.2;46.0;51.0;4.5;78.3;78.3;116.3;67.32588134135855
44.0;5.2;5.1;53.0;22.0;35.0;0.0;7.0;0.32;1.0;45.0;54.0;4.0;80.1;80.1;115.1;69.59165942658558
41.0;4.9;7.0;50.0;21.0;38.0;0.0;7.0;0.38;1.3;56.0;43.0;4.6;78.0;78.0;116.0;67.24137931034483
46.0;5.0;5.5;47.0;17.0;34.0;0.0;6.0;0.8;2.0;53.0;48.0;6.0;69.5;69.5;103.5;67.14975845410628
46.0;4.8;7.3;56.0;23.0;46.0;1.0;9.0;0.25;1.4;65.0;49.5;5.1;86.3;87.3;132.3;65.23053665910808
68.0;5.0;8.0;31.0;9.0;36.0;1.0;2.0;0.17;2.1;58.0;9.0;2.7;48.0;49.0;84.0;57.14285714285714
45.0;5.2;6.3;44.0;18.0;40.0;0.0;4.0;0.67;1.2;59.0;28.1;4.3;68.3;68.3;108.3;63.06555863342567
48.0;5.1;5.5;57.0;25.0;37.0;1.0;9.0;0.95;1.6;74.0;85.7;5.9;87.5;88.5;124.5;70.28112449799197
46.0;4.9;6.0;48.0;18.0;36.0;0.0;6.0;0.5;1.4;58.0;38.0;6.0;72.0;72.0;108.0;66.66666666666666
42.0;5.0;5.4;42.0;20.0;37.0;1.0;5.0;0.78;1.0;59.0;29.8;3.9;67.4;68.4;104.4;64.55938697318008
44.0;4.9;5.4;52.0;20.0;38.0;0.0;5.0;0.4;1.3;50.0;34.0;5.0;77.4;77.4;115.4;67.07105719237435
39.0;5.2;6.9;48.0;20.0;35.0;0.0;9.0;0.51;1.1;28.0;57.1;4.8;74.9;74.9;109.9;68.15286624203823
47.0;5.0;4.8;46.0;18.0;38.0;0.0;9.0;0.52;1.2;62.0;33.5;4.5;68.8;68.8;106.8;64.41947565543072
41.0;5.1;5.5;49.0;20.0;43.0;0.0;7.0;0.44;1.4;50.0;87.5;5.0;74.5;74.5;117.5;63.40425531914894
43.0;5.3;5.8;51.0;16.0;43.0;0.0;10.0;0.49;1.4;67.0;36.6;4.2;72.8;72.8;115.8;62.86701208981002
48.0;5.0;6.1;48.0;19.0;42.0;0.0;6.0;0.39;1.3;52.0;82.3;4.9;73.1;73.1;115.1;63.509991311902695
48.0;5.2;5.1;50.0;20.0;34.0;0.0;4.0;0.45;1.4;62.0;66.8;5.0;75.1;75.1;109.1;68.8359303391384
57.0;5.2;6.0;55.0;20.0;35.0;1.0;7.0;0.46;1.3;33.0;41.7;4.5;81.0;82.0;116.0;69.82758620689656
46.0;5.0;5.4;49.0;19.0;35.0;0.0;8.0;0.5;1.1;50.0;59.0;4.1;73.4;73.4;108.4;67.71217712177122
43.0;4.8;6.4;56.0;22.0;38.0;1.0;7.0;0.34;1.3;63.0;57.3;4.8;84.4;85.4;122.4;68.95424836601308
45.0;5.1;6.2;49.0;20.0;36.0;0.0;5.0;0.54;1.2;64.0;72.0;4.7;75.2;75.2;111.2;67.62589928057554
44.0;5.1;6.4;44.0;18.0;38.0;0.0;7.0;0.68;1.1;59.0;45.4;4.0;68.4;68.4;106.4;64.28571428571429
45.0;5.1;5.2;35.0;15.0;36.0;0.0;6.0;0.91;1.0;51.0;57.2;4.5;55.2;55.2;91.2;60.526315789473685
47.0;5.1;7.4;61.0;25.0;33.0;0.0;7.0;0.7;1.1;47.0;13.0;3.6;93.4;93.4;126.4;73.89240506329115
42.0;5.1;6.4;56.0;21.0;37.0;1.0;5.0;0.43;1.2;64.0;51.7;4.4;83.4;84.4;120.4;69.26910299003323
34.0;5.1;6.4;67.0;20.0;31.0;1.0;5.0;0.8;1.8;60.0;33.3;4.8;93.4;94.4;124.4;75.08038585209003
47.0;5.3;6.1;73.0;24.0;37.0;2.0;9.0;0.32;1.6;75.0;20.8;4.1;103.1;105.1;140.1;73.59029264810849
47.0;5.0;2.0;53.0;16.0;57.0;0.0;7.0;1.0;4.0;17.0;38.1;3.0;71.0;71.0;128.0;55.46875
53.0;5.0;2.0;56.0;13.0;47.0;0.0;7.0;0.0;7.0;19.0;32.0;4.0;71.0;71.0;118.0;60.16949152542372
48.0;5.0;2.0;55.0;15.0;34.0;1.0;9.0;1.0;6.0;21.0;25.0;3.0;72.0;73.0;106.0;67.9245283018868
48.0;5.0;2.0;52.0;14.0;42.0;1.0;11.0;0.0;5.0;21.0;27.0;3.0;68.0;69.0;110.0;61.81818181818181
40.0;5.0;2.0;66.0;14.0;49.0;1.0;11.0;0.71;7.7;25.0;36.7;3.0;82.0;83.0;131.0;62.59541984732825
45.0;5.0;2.0;54.0;13.0;46.0;1.0;10.0;0.0;6.0;29.0;16.0;3.0;69.0;70.0;115.0;60.0
49.0;5.0;2.0;58.0;13.0;35.0;0.0;12.0;0.0;5.0;26.0;26.0;3.0;73.0;73.0;108.0;67.5925925925926
34.0;5.0;3.0;42.0;17.0;37.0;1.0;8.0;0.0;6.0;22.0;35.0;3.0;62.0;63.0;99.0;62.62626262626263
34.0;5.0;3.0;40.0;17.0;36.0;1.0;7.0;0.0;5.0;23.0;34.5;3.0;60.0;61.0;96.0;62.5
47.0;5.0;2.0;50.0;14.0;33.0;0.0;9.0;1.0;5.0;18.0;17.0;3.0;66.0;66.0;99.0;66.66666666666666
64.0;5.0;2.0;62.0;12.0;38.0;0.0;10.0;1.0;6.0;18.0;33.0;3.0;76.0;76.0;114.0;66.66666666666666
61.0;5.0;2.0;47.0;8.0;40.0;1.0;5.0;0.0;3.7;15.0;10.1;3.0;57.0;58.0;97.0;58.76288659793815
63.0;5.0;3.0;54.0;12.0;38.0;0.0;9.0;0.0;5.0;16.0;26.0;3.0;69.0;69.0;107.0;64.48598130841121
45.0;5.0;2.0;55.0;18.0;39.0;2.0;10.0;0.71;5.0;20.0;19.0;3.0;75.0;77.0;114.0;65.78947368421053
60.0;5.0;2.0;42.0;14.0;45.0;1.0;9.0;0.69;6.0;28.0;18.0;3.0;58.0;59.0;103.0;56.310679611650485
46.0;5.0;2.0;54.0;18.0;38.0;2.0;11.0;1.0;5.0;21.0;12.9;3.0;74.0;76.0;112.0;66.07142857142857
44.0;5.0;1.0;42.0;11.0;98.0;1.0;14.0;0.0;6.0;21.0;22.0;3.0;54.0;55.0;152.0;35.526315789473685
43.0;5.0;2.0;56.0;13.0;40.0;0.0;9.0;0.7;5.0;16.0;28.0;3.0;71.0;71.0;111.0;63.96396396396396
47.0;5.0;3.0;60.0;16.0;50.0;1.0;5.0;0.0;5.0;26.0;22.0;3.0;79.0;80.0;129.0;61.240310077519375
49.0;5.0;2.0;54.0;14.0;36.0;1.0;9.0;0.0;5.0;20.0;32.0;3.0;70.0;71.0;106.0;66.0377358490566
47.0;5.0;2.0;60.0;16.0;42.0;0.0;6.0;1.0;5.0;16.0;26.0;3.0;78.0;78.0;120.0;65.0
50.0;5.0;3.0;55.0;19.0;50.0;1.0;8.0;1.0;5.0;19.0;23.0;8.3;77.0;78.0;127.0;60.629921259842526
53.0;5.0;2.0;56.0;15.0;38.0;0.0;8.0;0.0;5.0;19.0;29.0;3.0;73.0;73.0;111.0;65.76576576576578
46.0;5.0;1.5;64.0;20.0;38.0;0.0;5.0;0.65;5.0;20.0;16.0;3.0;85.5;85.5;123.5;69.23076923076923
42.0;5.0;2.0;50.0;15.0;42.0;0.0;7.0;0.0;5.0;18.0;26.0;3.0;67.0;67.0;109.0;61.46788990825688
50.0;5.0;2.0;78.0;17.0;44.0;0.0;6.0;0.0;5.0;17.0;17.0;3.0;97.0;97.0;141.0;68.79432624113475
40.0;5.0;2.0;56.0;15.0;39.0;2.0;8.0;0.0;5.0;21.0;18.0;3.0;73.0;75.0;112.0;65.17857142857143
48.0;5.0;2.0;56.0;17.0;33.0;1.0;9.0;1.0;6.0;24.0;37.3;4.0;75.0;76.0;108.0;69.44444444444444
45.0;5.0;2.0;47.0;18.0;42.0;1.0;8.0;0.0;7.0;21.0;22.0;4.0;67.0;68.0;109.0;61.46788990825688
47.0;5.0;2.0;46.0;17.0;42.0;0.0;10.0;0.0;7.0;24.0;22.0;4.0;65.0;65.0;107.0;60.747663551401864
50.0;5.0;2.0;55.0;16.0;40.0;0.0;8.0;0.0;6.0;20.0;14.8;3.0;73.0;73.0;113.0;64.60176991150442
49.0;5.0;2.0;55.0;16.0;36.0;0.0;9.0;1.0;5.0;20.0;15.0;3.0;73.0;73.0;109.0;66.97247706422019
50.0;5.0;2.0;50.0;13.0;39.0;0.0;6.0;0.0;6.0;18.0;16.0;3.0;65.0;65.0;104.0;62.5
52.0;5.0;2.0;53.0;18.0;36.0;0.0;4.0;0.25;6.0;22.0;21.0;3.0;73.0;73.0;109.0;66.97247706422019
45.0;5.0;2.0;54.0;17.0;40.0;0.0;8.0;0.0;5.0;24.0;23.0;3.0;73.0;73.0;113.0;64.60176991150442
46.0;5.0;2.0;54.0;16.0;34.0;1.0;12.0;1.0;6.0;19.0;28.0;3.0;72.0;73.0;106.0;67.9245283018868
52.0;5.0;2.0;52.0;17.0;42.0;2.0;8.0;0.0;6.0;20.0;7.4;3.0;71.0;73.0;113.0;62.83185840707964
48.0;5.0;2.0;58.0;15.0;38.0;1.0;9.0;0.0;6.0;23.0;28.0;3.0;75.0;76.0;113.0;66.3716814159292
59.0;5.0;1.5;69.0;20.0;45.0;0.0;13.0;1.0;4.0;13.0;18.0;3.0;90.5;90.5;135.5;66.78966789667896
68.0;5.0;1.3;65.0;12.0;43.0;0.0;13.0;0.78;7.0;23.0;25.0;4.0;78.3;78.3;121.3;64.55070074196207
50.0;5.0;2.0;53.0;13.0;38.0;0.0;8.0;1.0;6.0;23.0;14.3;3.0;68.0;68.0;106.0;64.15094339622641
49.0;5.0;2.0;56.0;14.0;39.0;0.0;9.0;0.0;6.0;27.0;15.0;3.0;72.0;72.0;111.0;64.86486486486487
50.0;5.0;2.0;62.0;15.0;38.0;0.0;10.0;0.28;5.0;24.0;17.0;3.0;79.0;79.0;117.0;67.52136752136752
57.0;5.0;2.0;59.0;16.0;37.0;0.0;13.0;0.0;5.0;27.0;22.0;4.2;77.0;77.0;114.0;67.54385964912281
63.0;5.0;2.0;52.0;14.0;38.0;1.0;6.0;0.0;4.0;25.0;17.0;3.0;68.0;69.0;106.0;64.15094339622641
48.0;5.0;2.0;58.0;15.0;41.0;1.0;10.0;0.0;6.0;21.0;28.0;4.0;75.0;76.0;116.0;64.65517241379311
47.0;5.0;2.0;57.0;16.0;58.0;0.0;7.0;0.0;5.0;20.0;45.0;4.0;75.0;75.0;133.0;56.390977443609025
41.0;5.0;2.0;60.0;17.0;33.0;0.0;6.0;0.0;6.0;22.0;22.0;4.0;79.0;79.0;112.0;70.53571428571429
48.0;5.0;2.0;51.0;14.0;34.0;0.0;5.0;1.0;5.0;45.0;10.9;3.0;67.0;67.0;101.0;66.33663366336634
38.0;5.0;2.0;54.0;15.0;40.0;0.0;4.0;0.27;6.0;25.0;32.0;4.0;71.0;71.0;111.0;63.96396396396396
44.0;5.0;2.0;55.0;19.0;42.0;0.0;8.0;1.0;7.0;25.0;47.6;4.0;76.0;76.0;118.0;64.40677966101694
50.0;5.0;2.0;56.0;12.0;38.0;0.0;9.0;1.0;6.0;22.0;13.5;3.0;70.0;70.0;108.0;64.81481481481481
39.0;5.0;2.0;57.0;15.0;38.0;0.0;9.0;0.62;6.0;21.0;28.0;3.0;74.0;74.0;112.0;66.07142857142857
52.0;5.0;3.0;62.0;21.0;33.0;0.0;8.0;0.91;6.9;35.0;40.5;4.0;86.0;86.0;119.0;72.26890756302521
41.0;5.0;2.0;55.0;15.0;36.0;1.0;6.0;0.29;5.0;16.0;30.0;3.0;72.0;73.0;108.0;66.66666666666666
44.0;5.0;2.0;52.0;14.0;38.0;1.0;7.0;0.0;5.0;18.0;32.0;3.0;68.0;69.0;106.0;64.15094339622641
46.0;5.0;2.0;60.0;15.0;44.0;0.0;8.0;0.0;6.0;20.0;10.0;3.0;77.0;77.0;121.0;63.63636363636363
46.0;5.0;3.0;49.0;13.0;40.0;0.0;14.0;0.23;5.0;20.0;19.0;3.0;65.0;65.0;105.0;61.904761904761905
51.0;5.0;3.0;61.0;17.0;42.0;0.0;8.0;0.0;5.0;22.0;30.0;4.0;81.0;81.0;123.0;65.85365853658537
40.0;5.0;2.0;59.0;17.0;42.0;1.0;6.0;0.0;5.0;23.0;32.0;4.0;78.0;79.0;120.0;65.0
46.0;5.0;2.0;52.0;16.0;44.0;0.0;7.0;0.0;5.0;24.0;30.0;3.0;70.0;70.0;114.0;61.40350877192983
55.0;5.0;3.0;57.0;14.0;36.0;1.0;9.0;1.0;7.0;36.0;27.0;4.0;74.0;75.0;110.0;67.27272727272727
51.0;5.0;2.0;61.0;17.0;42.0;0.0;8.0;0.0;4.0;22.0;30.0;4.0;80.0;80.0;122.0;65.57377049180327
49.0;5.0;2.0;58.0;15.0;39.0;0.0;8.0;0.0;5.0;16.0;32.0;3.0;75.0;75.0;114.0;65.78947368421053
40.0;5.0;3.0;55.0;17.0;42.0;0.0;10.0;0.0;5.0;20.0;28.0;3.0;75.0;75.0;117.0;64.1025641025641
51.0;5.0;3.4;58.0;15.0;40.0;0.0;6.0;1.0;5.0;24.0;26.0;4.0;76.4;76.4;116.4;65.63573883161511
52.0;5.0;3.0;53.0;16.0;37.0;1.0;7.0;0.26;6.0;25.0;37.3;4.0;72.0;73.0;109.0;66.05504587155964
78.0;4.6;3.0;69.0;21.0;42.0;1.0;6.0;0.1;2.4;27.0;10.0;3.0;93.0;94.0;135.0;68.88888888888889
49.0;5.0;3.0;58.0;17.0;49.0;0.0;9.0;1.0;5.0;20.0;14.6;3.0;78.0;78.0;127.0;61.417322834645674
47.0;5.0;2.0;57.0;17.0;45.0;1.0;9.0;0.79;7.0;27.0;43.0;4.0;76.0;77.0;121.0;62.8099173553719
48.0;5.0;3.4;58.0;14.0;43.0;0.0;8.0;0.0;5.0;28.0;26.0;5.0;75.4;75.4;118.4;63.682432432432435
43.0;5.0;3.0;47.0;15.0;39.0;1.0;13.0;1.0;5.0;20.0;16.0;4.0;65.0;66.0;104.0;62.5
48.0;5.0;2.0;62.0;16.0;44.0;0.0;7.0;0.0;5.0;26.0;23.0;4.0;80.0;80.0;124.0;64.51612903225806
48.0;5.0;3.0;55.0;15.0;42.0;1.0;12.0;0.0;6.0;17.0;33.7;3.0;73.0;74.0;115.0;63.47826086956522
50.0;5.0;2.0;58.0;14.0;37.0;1.0;9.0;1.0;6.0;22.0;14.7;3.0;74.0;75.0;111.0;66.66666666666666
43.0;5.0;2.0;55.0;15.0;55.0;0.0;6.0;0.0;6.0;20.0;50.7;4.0;72.0;72.0;127.0;56.69291338582677
46.0;5.0;2.0;60.0;14.0;41.0;0.0;8.0;1.0;6.0;28.0;22.0;3.0;76.0;76.0;117.0;64.95726495726495
48.0;5.0;2.0;58.0;19.0;56.0;0.0;8.0;0.0;6.0;23.0;45.7;4.0;79.0;79.0;135.0;58.51851851851851
58.0;5.0;2.0;55.0;15.0;44.0;0.0;4.0;0.0;6.0;23.0;40.8;3.0;72.0;72.0;116.0;62.06896551724138
51.0;5.0;2.0;57.0;14.0;36.0;1.0;7.0;0.0;5.0;14.0;27.0;3.0;73.0;74.0;109.0;66.97247706422019
51.0;5.0;2.0;60.0;15.0;36.0;0.0;8.0;0.0;6.0;18.0;28.0;3.0;77.0;77.0;113.0;68.14159292035397
44.0;5.0;3.0;57.0;14.0;36.0;1.0;5.0;0.0;6.0;23.0;35.1;3.0;74.0;75.0;110.0;67.27272727272727
49.0;5.0;2.0;57.0;15.0;39.0;0.0;10.0;0.0;6.0;21.0;36.5;3.0;74.0;74.0;113.0;65.48672566371681
44.0;5.0;2.0;50.0;13.0;42.0;0.0;11.0;1.0;5.0;24.0;25.0;3.0;65.0;65.0;107.0;60.747663551401864
47.0;5.0;2.0;51.0;15.0;41.0;0.0;6.0;0.88;6.0;18.0;32.0;4.0;68.0;68.0;109.0;62.38532110091744
39.0;5.0;2.0;68.0;18.0;38.0;0.0;11.0;0.0;6.0;20.0;12.0;3.0;88.0;88.0;126.0;69.84126984126983
54.0;5.0;2.0;61.0;15.0;41.0;0.0;8.0;0.0;7.0;25.0;27.0;3.0;78.0;78.0;119.0;65.54621848739495
49.0;5.0;3.0;71.0;14.0;34.0;1.0;6.0;0.68;5.0;30.0;27.0;3.0;88.0;89.0;122.0;72.1311475409836
46.0;5.0;2.0;56.0;19.0;42.0;1.0;8.0;0.0;6.0;24.0;11.8;3.0;77.0;78.0;119.0;64.70588235294117
