yr;mo;city;prcp_mes;prcp_dia
2003;1;Registro;500.5999999999998;16.148387096774186
2003;10;Registro;0.0;0.0
2003;11;Registro;29.2;0.9733333333333333
2003;12;Registro;256.59999999999997;8.277419354838708
2003;2;Registro;138.20000000000002;4.935714285714286
2003;3;Registro;135.20000000000007;4.361290322580648
2003;4;Registro;0.0;0.0
2003;5;Registro;0.0;0.0
2003;6;Registro;0.0;0.0
2003;7;Registro;0.0;0.0
2003;8;Registro;0.0;0.0
2003;9;Registro;0.0;0.0
2004;1;Registro;269.5999999999996;8.696774193548375
2004;10;Registro;171.79999999999998;5.541935483870967
2004;11;Registro;188.99999999999994;6.299999999999998
2004;12;Registro;412.3999999999997;13.303225806451604
2004;2;Registro;288.0;10.285714285714286
2004;3;Registro;111.80000000000005;3.6064516129032276
2004;4;Registro;142.60000000000002;4.753333333333334
2004;5;Registro;111.60000000000005;3.600000000000002
2004;6;Registro;17.599999999999994;0.5866666666666664
2004;7;Registro;31.999999999999996;1.032258064516129
2004;8;Registro;0.0;0.0
2004;9;Registro;8.6;0.2866666666666667
2005;1;Registro;425.19999999999953;13.71612903225805
2005;10;Registro;133.6;4.309677419354839
2005;11;Registro;178.79999999999995;5.959999999999998
2005;12;Registro;374.9999999999997;12.096774193548377
2005;2;Registro;121.19999999999999;4.328571428571428
2005;3;Registro;255.19999999999987;8.232258064516126
2005;4;Registro;79.40000000000003;2.646666666666668
2005;5;Registro;147.80000000000004;4.767741935483873
2005;6;Registro;17.0;0.5666666666666667
2005;7;Registro;18.999999999999996;0.6129032258064515
2005;8;Registro;1.2;0.03870967741935484
2005;9;Registro;64.60000000000004;2.1533333333333347
2006;10;Cajati;0.0;0.0
2006;11;Cajati;0.0;0.0
2006;12;Cajati;0.0;0.0
2006;9;Cajati;0.0;0.0
2006;10;Iguape;111.00000000000006;3.5806451612903243
2006;11;Iguape;189.4;6.3133333333333335
2006;12;Iguape;102.60000000000002;3.3096774193548395
2006;7;Iguape;11.0;0.3548387096774194
2006;8;Iguape;80.00000000000006;2.5806451612903243
2006;9;Iguape;227.6;7.586666666666667
2006;10;Ilha Comprida;77.40000000000002;2.496774193548388
2006;11;Ilha Comprida;163.6;5.453333333333333
2006;12;Ilha Comprida;192.7999999999999;6.219354838709674
2006;8;Ilha Comprida;6.0;0.1935483870967742
2006;9;Ilha Comprida;72.00000000000003;2.400000000000001
2006;10;Jacupiranga;72.4;2.335483870967742
2006;11;Jacupiranga;70.80000000000001;2.3600000000000003
2006;12;Jacupiranga;203.99999999999994;6.580645161290321
2006;7;Jacupiranga;27.0;0.8709677419354839
2006;8;Jacupiranga;16.4;0.529032258064516
2006;9;Jacupiranga;130.79999999999995;4.3599999999999985
2006;10;Juquia;173.8;5.606451612903226
2006;11;Juquia;53.599999999999994;1.7866666666666664
2006;12;Juquia;315.3999999999998;10.174193548387091
2006;8;Juquia;2.6;0.08387096774193549
2006;9;Juquia;101.20000000000003;3.3733333333333344
2006;10;Miracatu;192.39999999999995;6.206451612903225
2006;11;Miracatu;46.199999999999996;1.5399999999999998
2006;12;Miracatu;212.19999999999996;6.845161290322579
2006;9;Miracatu;6.199999999999999;0.20666666666666664
2006;1;Registro;261.59999999999985;8.43870967741935
2006;10;Registro;349.8;11.283870967741937
2006;11;Registro;379.99999999999994;12.666666666666664
2006;12;Registro;449.59999999999997;14.503225806451612
2006;2;Registro;318.39999999999986;11.371428571428567
2006;3;Registro;166.19999999999996;5.361290322580644
2006;4;Registro;21.799999999999997;0.7266666666666666
2006;5;Registro;2.4000000000000004;0.0774193548387097
2006;6;Registro;14.8;0.49333333333333335
2006;7;Registro;10.599999999999998;0.34193548387096767
2006;8;Registro;27.6;0.8903225806451613
2006;9;Registro;42.8;1.4266666666666665
2006;10;Sete Barras;86.40000000000005;2.7870967741935497
2006;11;Sete Barras;64.60000000000001;2.1533333333333338
2006;12;Sete Barras;276.79999999999984;8.929032258064511
2006;9;Sete Barras;72.20000000000002;2.406666666666667
2007;1;Cajati;0.0;0.0
2007;10;Cajati;0.0;0.0
2007;11;Cajati;0.0;0.0
2007;12;Cajati;0.0;0.0
2007;2;Cajati;0.0;0.0
2007;3;Cajati;0.0;0.0
2007;4;Cajati;0.0;0.0
2007;5;Cajati;0.0;0.0
2007;6;Cajati;0.0;0.0
2007;7;Cajati;0.0;0.0
2007;8;Cajati;0.0;0.0
2007;9;Cajati;0.0;0.0
2007;10;Cananeia;83.39999999999999;2.690322580645161
2007;11;Cananeia;94.80000000000004;3.1600000000000015
2007;12;Cananeia;169.20000000000002;5.458064516129033
2007;6;Cananeia;0.0;0.0
2007;7;Cananeia;129.39999999999998;4.174193548387096
2007;8;Cananeia;0.0;0.0
2007;9;Cananeia;0.0;0.0
2007;10;Eldorado;101.00000000000001;3.258064516129033
2007;11;Eldorado;93.00000000000003;3.100000000000001
2007;12;Eldorado;195.9999999999999;6.3225806451612865
2007;8;Eldorado;0.0;0.0
2007;9;Eldorado;0.2;0.006666666666666667
2007;1;Iguape;208.99999999999994;6.741935483870966
2007;10;Iguape;43.2;1.3935483870967742
2007;11;Iguape;168.20000000000002;5.606666666666667
2007;12;Iguape;164.59999999999994;5.309677419354837
2007;2;Iguape;250.59999999999994;8.949999999999998
2007;3;Iguape;115.00000000000001;3.709677419354839
2007;4;Iguape;218.99999999999991;7.299999999999997
2007;5;Iguape;5.8;0.1870967741935484
2007;6;Iguape;10.399999999999999;0.3466666666666666
2007;7;Iguape;19.6;0.6322580645161291
2007;8;Iguape;26.4;0.8516129032258064
2007;9;Iguape;12.199999999999996;0.4066666666666665
2007;1;Ilha Comprida;419.1999999999996;13.522580645161277
2007;10;Ilha Comprida;52.6;1.696774193548387
2007;11;Ilha Comprida;80.80000000000001;2.693333333333334
2007;12;Ilha Comprida;205.79999999999995;6.638709677419353
2007;2;Ilha Comprida;109.80000000000005;3.9214285714285735
2007;3;Ilha Comprida;51.00000000000004;1.645161290322582
2007;4;Ilha Comprida;37.200000000000024;1.2400000000000009
2007;5;Ilha Comprida;42.4;1.367741935483871
2007;6;Ilha Comprida;21.199999999999992;0.7066666666666664
2007;7;Ilha Comprida;42.4;1.367741935483871
2007;8;Ilha Comprida;0.0;0.0
2007;9;Ilha Comprida;3.5999999999999996;0.11999999999999998
2007;11;Iporanga;58.0;1.9333333333333333
2007;12;Iporanga;62.00000000000002;2.000000000000001
2007;1;Jacupiranga;298.39999999999975;9.625806451612895
2007;10;Jacupiranga;38.60000000000001;1.2451612903225808
2007;11;Jacupiranga;144.59999999999997;4.8199999999999985
2007;12;Jacupiranga;206.40000000000006;6.658064516129034
2007;2;Jacupiranga;151.60000000000005;5.414285714285716
2007;3;Jacupiranga;0.0;0.0
2007;4;Jacupiranga;0.0;0.0
2007;5;Jacupiranga;0.0;0.0
2007;6;Jacupiranga;0.0;0.0
2007;7;Jacupiranga;0.0;0.0
2007;8;Jacupiranga;0.0;0.0
2007;9;Jacupiranga;0.0;0.0
2007;1;Juquia;315.1999999999995;10.167741935483853
2007;10;Juquia;116.60000000000004;3.7612903225806464
2007;11;Juquia;153.0;5.1
2007;12;Juquia;152.19999999999996;4.909677419354837
2007;2;Juquia;165.6;5.914285714285714
2007;3;Juquia;180.79999999999995;5.832258064516128
2007;4;Juquia;51.4;1.7133333333333334
2007;5;Juquia;0.0;0.0
2007;6;Juquia;0.0;0.0
2007;7;Juquia;194.59999999999994;6.277419354838708
2007;8;Juquia;0.8;0.025806451612903226
2007;9;Juquia;6.6000000000000005;0.22000000000000003
2007;1;Miracatu;537.6;17.34193548387097
2007;10;Miracatu;93.60000000000001;3.0193548387096776
2007;11;Miracatu;127.80000000000003;4.260000000000001
2007;12;Miracatu;190.00000000000003;6.129032258064517
2007;2;Miracatu;192.4;6.871428571428572
2007;3;Miracatu;80.0;2.5806451612903225
2007;4;Miracatu;38.20000000000001;1.2733333333333337
2007;5;Miracatu;61.40000000000003;1.9806451612903235
2007;6;Miracatu;24.799999999999997;0.8266666666666665
2007;7;Miracatu;175.80000000000004;5.670967741935486
2007;8;Miracatu;0.0;0.0
2007;9;Miracatu;2.0;0.06666666666666667
2007;11;Pedro de Toledo;81.39999999999999;2.713333333333333
2007;12;Pedro de Toledo;227.5999999999999;7.341935483870965
2007;1;Registro;418.7999999999986;13.509677419354793
2007;10;Registro;66.6;2.148387096774193
2007;11;Registro;203.40000000000003;6.780000000000001
2007;12;Registro;302.79999999999984;9.767741935483865
2007;2;Registro;133.60000000000053;4.771428571428591
2007;3;Registro;108.00000000000001;3.483870967741936
2007;4;Registro;69.00000000000001;2.3000000000000003
2007;5;Registro;42.60000000000005;1.3741935483870984
2007;6;Registro;0.6000000000000001;0.020000000000000004
2007;7;Registro;48.600000000000094;1.567741935483874
2007;8;Registro;0.4;0.012903225806451613
2007;9;Registro;7.6000000000000005;0.25333333333333335
2007;1;Sete Barras;291.9999999999997;9.419354838709669
2007;10;Sete Barras;52.800000000000004;1.703225806451613
2007;11;Sete Barras;134.0;4.466666666666667
2007;12;Sete Barras;103.2;3.329032258064516
2007;2;Sete Barras;225.6;8.057142857142857
2007;3;Sete Barras;97.20000000000002;3.1354838709677426
2007;4;Sete Barras;77.20000000000002;2.5733333333333337
2007;5;Sete Barras;42.600000000000016;1.3741935483870973
2007;6;Sete Barras;4.600000000000002;0.1533333333333334
2007;7;Sete Barras;265.79999999999995;8.574193548387095
2007;8;Sete Barras;5.2;0.16774193548387098
2007;9;Sete Barras;2.8;0.09333333333333332
2008;10;Barra do Turvo;196.79999999999967;6.348387096774183
2008;11;Barra do Turvo;158.59999999999994;5.286666666666664
2008;12;Barra do Turvo;9.2;0.2967741935483871
2008;7;Barra do Turvo;34.40000000000001;1.109677419354839
2008;8;Barra do Turvo;132.39999999999992;4.270967741935482
2008;9;Barra do Turvo;133.60000000000005;4.453333333333335
2008;1;Cajati;0.0;0.0
2008;10;Cajati;129.60000000000008;4.180645161290325
2008;11;Cajati;69.80000000000001;2.326666666666667
2008;12;Cajati;116.39999999999999;3.754838709677419
2008;2;Cajati;0.0;0.0
2008;3;Cajati;0.0;0.0
2008;4;Cajati;94.8;3.1599999999999997
2008;5;Cajati;85.80000000000003;2.7677419354838717
2008;6;Cajati;64.40000000000005;2.1466666666666683
2008;7;Cajati;0.6000000000000001;0.019354838709677424
2008;8;Cajati;125.80000000000004;4.058064516129034
2008;9;Cajati;82.60000000000002;2.7533333333333343
2008;1;Cananeia;378.99999999999994;12.225806451612902
2008;10;Cananeia;155.40000000000006;5.012903225806453
2008;11;Cananeia;105.00000000000001;3.5000000000000004
2008;12;Cananeia;242.99999999999991;7.838709677419352
2008;2;Cananeia;218.7999999999999;7.8142857142857105
2008;3;Cananeia;286.9999999999997;9.258064516129023
2008;4;Cananeia;193.59999999999994;6.453333333333331
2008;5;Cananeia;28.599999999999998;0.9225806451612902
2008;6;Cananeia;17.799999999999997;0.5933333333333333
2008;7;Cananeia;0.0;0.0
2008;8;Cananeia;33.4;1.0774193548387097
2008;9;Cananeia;54.39999999999999;1.813333333333333
2008;1;Eldorado;521.7999999999997;16.83225806451612
2008;10;Eldorado;82.60000000000004;2.6645161290322594
2008;11;Eldorado;122.20000000000003;4.073333333333334
2008;12;Eldorado;247.20000000000007;7.974193548387099
2008;2;Eldorado;258.59999999999997;9.235714285714284
2008;3;Eldorado;145.80000000000004;4.703225806451615
2008;4;Eldorado;118.00000000000004;3.933333333333335
2008;5;Eldorado;65.39999999999999;2.1096774193548384
2008;6;Eldorado;1.5999999999999999;0.05333333333333333
2008;7;Eldorado;0.0;0.0
2008;8;Eldorado;25.4;0.8193548387096774
2008;9;Eldorado;15.400000000000002;0.5133333333333334
2008;1;Iguape;242.5999999999998;7.8258064516128965
2008;10;Iguape;217.7999999999999;7.0258064516129
2008;11;Iguape;166.59999999999988;5.553333333333329
2008;12;Iguape;145.00000000000006;4.677419354838712
2008;2;Iguape;114.40000000000002;4.085714285714286
2008;3;Iguape;194.79999999999987;6.283870967741931
2008;4;Iguape;78.2;2.606666666666667
2008;5;Iguape;60.800000000000004;1.9612903225806453
2008;6;Iguape;103.60000000000004;3.4533333333333345
2008;7;Iguape;24.799999999999997;0.7999999999999999
2008;8;Iguape;192.59999999999977;6.2129032258064445
2008;9;Iguape;169.99999999999991;5.666666666666663
2008;1;Ilha Comprida;211.59999999999988;6.825806451612899
2008;10;Ilha Comprida;147.99999999999997;4.774193548387096
2008;11;Ilha Comprida;74.00000000000003;2.4666666666666677
2008;12;Ilha Comprida;160.80000000000004;5.18709677419355
2008;2;Ilha Comprida;80.60000000000004;2.87857142857143
2008;3;Ilha Comprida;86.80000000000001;2.8000000000000003
2008;4;Ilha Comprida;102.60000000000004;3.4200000000000013
2008;5;Ilha Comprida;86.60000000000005;2.793548387096776
2008;6;Ilha Comprida;35.40000000000001;1.1800000000000004
2008;7;Ilha Comprida;1.5999999999999999;0.051612903225806445
2008;8;Ilha Comprida;86.00000000000006;2.7741935483870988
2008;9;Ilha Comprida;52.60000000000001;1.7533333333333336
2008;1;Iporanga;317.7999999999999;10.251612903225803
2008;10;Iporanga;73.00000000000001;2.35483870967742
2008;11;Iporanga;85.20000000000002;2.8400000000000007
2008;12;Iporanga;277.4;8.948387096774193
2008;2;Iporanga;122.20000000000003;4.364285714285716
2008;3;Iporanga;127.40000000000009;4.109677419354842
2008;4;Iporanga;14.399999999999993;0.47999999999999976
2008;5;Iporanga;0.0;0.0
2008;6;Iporanga;0.0;0.0
2008;7;Iporanga;0.0;0.0
2008;8;Iporanga;38.4;1.238709677419355
2008;9;Iporanga;13.600000000000001;0.45333333333333337
2008;10;Itariri;95.80000000000004;3.0903225806451626
2008;11;Itariri;35.39999999999999;1.1799999999999997
2008;12;Itariri;109.00000000000001;3.516129032258065
2008;4;Itariri;23.399999999999995;0.7799999999999998
2008;5;Itariri;29.0;0.9354838709677419
2008;6;Itariri;9.0;0.3
2008;7;Itariri;0.0;0.0
2008;8;Itariri;41.00000000000001;1.3225806451612905
2008;9;Itariri;51.000000000000014;1.7000000000000004
2008;1;Jacupiranga;265.8;8.574193548387097
2008;10;Jacupiranga;160.79999999999998;5.187096774193548
2008;11;Jacupiranga;82.80000000000003;2.7600000000000007
2008;12;Jacupiranga;82.4;2.6580645161290324
2008;2;Jacupiranga;162.39999999999995;5.799999999999998
2008;3;Jacupiranga;129.20000000000002;4.167741935483871
2008;4;Jacupiranga;145.8000000000001;4.860000000000003
2008;5;Jacupiranga;87.60000000000004;2.8258064516129044
2008;6;Jacupiranga;39.600000000000016;1.3200000000000005
2008;7;Jacupiranga;22.8;0.7354838709677419
2008;8;Jacupiranga;110.60000000000001;3.567741935483871
2008;9;Jacupiranga;57.20000000000001;1.906666666666667
2008;1;Juquia;195.59999999999994;6.309677419354837
2008;10;Juquia;147.2;4.748387096774193
2008;11;Juquia;70.8;2.36
2008;12;Juquia;65.19999999999999;2.1032258064516127
2008;2;Juquia;127.40000000000006;4.5500000000000025
2008;3;Juquia;82.20000000000002;2.651612903225807
2008;4;Juquia;172.6;5.753333333333333
2008;5;Juquia;93.6;3.019354838709677
2008;6;Juquia;59.60000000000002;1.9866666666666675
2008;7;Juquia;1.5999999999999999;0.051612903225806445
2008;8;Juquia;89.20000000000003;2.8774193548387106
2008;9;Juquia;70.6;2.353333333333333
2008;1;Miracatu;433.7999999999998;13.993548387096768
2008;10;Miracatu;109.40000000000002;3.529032258064517
2008;11;Miracatu;25.0;0.8333333333333334
2008;12;Miracatu;151.00000000000006;4.870967741935486
2008;2;Miracatu;104.40000000000006;3.728571428571431
2008;3;Miracatu;147.40000000000006;4.754838709677421
2008;4;Miracatu;176.79999999999993;5.893333333333331
2008;5;Miracatu;58.80000000000001;1.8967741935483875
2008;6;Miracatu;64.60000000000004;2.1533333333333347
2008;7;Miracatu;0.8;0.025806451612903226
2008;8;Miracatu;70.79999999999998;2.283870967741935
2008;9;Miracatu;48.80000000000002;1.6266666666666674
2008;10;Pariquera-Acu;63.00000000000005;2.032258064516131
2008;11;Pariquera-Acu;104.0;3.466666666666667
2008;12;Pariquera-Acu;209.3999999999999;6.754838709677416
2008;4;Pariquera-Acu;14.4;0.48000000000000004
2008;5;Pariquera-Acu;68.80000000000004;2.2193548387096786
2008;6;Pariquera-Acu;8.6;0.2866666666666667
2008;7;Pariquera-Acu;0.0;0.0
2008;8;Pariquera-Acu;18.599999999999994;0.5999999999999999
2008;9;Pariquera-Acu;12.2;0.4066666666666666
2008;1;Pedro de Toledo;227.9999999999999;7.3548387096774155
2008;10;Pedro de Toledo;93.60000000000002;3.019354838709678
2008;11;Pedro de Toledo;113.60000000000004;3.786666666666668
2008;12;Pedro de Toledo;178.6;5.761290322580645
2008;2;Pedro de Toledo;136.20000000000005;4.864285714285716
2008;3;Pedro de Toledo;147.60000000000002;4.7612903225806456
2008;4;Pedro de Toledo;111.20000000000002;3.7066666666666674
2008;5;Pedro de Toledo;52.60000000000001;1.6967741935483873
2008;6;Pedro de Toledo;46.00000000000001;1.5333333333333337
2008;7;Pedro de Toledo;0.0;0.0
2008;8;Pedro de Toledo;38.00000000000002;1.225806451612904
2008;9;Pedro de Toledo;19.0;0.6333333333333333
2008;1;Registro;342.1999999999998;11.03870967741935
2008;10;Registro;121.60000000000004;3.9225806451612915
2008;11;Registro;171.8;5.7266666666666675
2008;12;Registro;321.99999999999994;10.387096774193546
2008;2;Registro;235.39999999999992;8.407142857142855
2008;3;Registro;206.99999999999994;6.677419354838708
2008;4;Registro;157.19999999999993;5.2399999999999975
2008;5;Registro;47.20000000000003;1.5225806451612913
2008;6;Registro;13.0;0.43333333333333335
2008;7;Registro;0.0;0.0
2008;8;Registro;52.2;1.6838709677419357
2008;9;Registro;27.199999999999992;0.9066666666666664
2008;1;Sete Barras;169.19999999999993;5.45806451612903
2008;10;Sete Barras;76.60000000000001;2.470967741935484
2008;11;Sete Barras;76.60000000000001;2.5533333333333337
2008;12;Sete Barras;79.00000000000001;2.548387096774194
2008;2;Sete Barras;181.79999999999993;6.49285714285714
2008;3;Sete Barras;74.40000000000002;2.400000000000001
2008;4;Sete Barras;62.599999999999994;2.0866666666666664
2008;5;Sete Barras;96.00000000000003;3.096774193548388
2008;6;Sete Barras;48.80000000000002;1.6266666666666674
2008;7;Sete Barras;2.1999999999999997;0.07096774193548386
2008;8;Sete Barras;80.59999999999998;2.599999999999999
2008;9;Sete Barras;45.0;1.5
2009;1;Barra do Turvo;0.0;0.0
2009;10;Barra do Turvo;0.0;0.0
2009;11;Barra do Turvo;0.0;0.0
2009;12;Barra do Turvo;227.20000000000007;7.329032258064519
2009;2;Barra do Turvo;0.0;0.0
2009;3;Barra do Turvo;0.0;0.0
2009;4;Barra do Turvo;0.0;0.0
2009;5;Barra do Turvo;0.0;0.0
2009;6;Barra do Turvo;0.0;0.0
2009;7;Barra do Turvo;0.0;0.0
2009;8;Barra do Turvo;0.0;0.0
2009;9;Barra do Turvo;0.0;0.0
2009;1;Cajati;354.59999999999974;11.438709677419347
2009;10;Cajati;0.0;0.0
2009;11;Cajati;0.0;0.0
2009;12;Cajati;56.40000000000001;1.8193548387096778
2009;2;Cajati;166.8;5.957142857142857
2009;3;Cajati;73.80000000000001;2.3806451612903228
2009;4;Cajati;83.80000000000004;2.793333333333335
2009;5;Cajati;73.20000000000002;2.3612903225806456
2009;6;Cajati;0.0;0.0
2009;7;Cajati;0.0;0.0
2009;8;Cajati;0.0;0.0
2009;9;Cajati;0.0;0.0
2009;1;Cananeia;99.20000000000009;3.200000000000003
2009;10;Cananeia;0.0;0.0
2009;11;Cananeia;0.0;0.0
2009;12;Cananeia;0.0;0.0
2009;2;Cananeia;26.599999999999973;0.9499999999999991
2009;3;Cananeia;62.00000000000003;2.000000000000001
2009;4;Cananeia;0.0;0.0
2009;5;Cananeia;20.4;0.6580645161290322
2009;6;Cananeia;39.4;1.3133333333333332
2009;7;Cananeia;39.2;1.2645161290322582
2009;8;Cananeia;75.60000000000001;2.438709677419355
2009;9;Cananeia;0.2;0.006666666666666667
2009;1;Eldorado;271.59999999999985;8.76129032258064
2009;10;Eldorado;0.0;0.0
2009;11;Eldorado;0.0;0.0
2009;12;Eldorado;0.0;0.0
2009;2;Eldorado;171.4;6.121428571428572
2009;3;Eldorado;156.59999999999988;5.051612903225803
2009;4;Eldorado;15.799999999999999;0.5266666666666666
2009;5;Eldorado;39.2;1.2645161290322582
2009;6;Eldorado;1.7999999999999998;0.05999999999999999
2009;7;Eldorado;0.0;0.0
2009;8;Eldorado;0.2;0.0064516129032258064
2009;9;Eldorado;0.6;0.02
2009;1;Iguape;285.99999999999983;9.225806451612899
2009;10;Iguape;146.4000000000001;4.722580645161293
2009;11;Iguape;154.59999999999994;5.1533333333333315
2009;12;Iguape;181.0;5.838709677419355
2009;2;Iguape;505.3999999999999;18.049999999999997
2009;3;Iguape;119.20000000000003;3.8451612903225816
2009;4;Iguape;345.99999999999983;11.533333333333328
2009;5;Iguape;105.60000000000002;3.4064516129032265
2009;6;Iguape;101.80000000000003;3.393333333333334
2009;7;Iguape;243.6;7.858064516129032
2009;8;Iguape;74.40000000000003;2.4000000000000012
2009;9;Iguape;284.59999999999985;9.486666666666661
2009;1;Ilha Comprida;237.5999999999999;7.664516129032255
2009;10;Ilha Comprida;96.00000000000006;3.096774193548389
2009;11;Ilha Comprida;225.59999999999988;7.519999999999996
2009;12;Ilha Comprida;287.5999999999998;9.277419354838703
2009;2;Ilha Comprida;191.59999999999997;6.842857142857142
2009;3;Ilha Comprida;75.80000000000003;2.4451612903225817
2009;4;Ilha Comprida;55.20000000000002;1.8400000000000005
2009;5;Ilha Comprida;50.60000000000003;1.63225806451613
2009;6;Ilha Comprida;47.2;1.5733333333333335
2009;7;Ilha Comprida;186.39999999999978;6.012903225806444
2009;8;Ilha Comprida;42.600000000000016;1.3741935483870973
2009;9;Ilha Comprida;152.20000000000002;5.073333333333334
2009;1;Iporanga;278.3999999999998;8.980645161290317
2009;10;Iporanga;48.4;1.5612903225806452
2009;11;Iporanga;55.600000000000016;1.853333333333334
2009;12;Iporanga;15.399999999999995;0.4967741935483869
2009;2;Iporanga;206.79999999999995;7.385714285714284
2009;3;Iporanga;176.6;5.696774193548387
2009;4;Iporanga;52.80000000000002;1.7600000000000007
2009;5;Iporanga;27.599999999999987;0.8903225806451609
2009;6;Iporanga;48.4;1.6133333333333333
2009;7;Iporanga;49.00000000000002;1.5806451612903232
2009;8;Iporanga;63.0;2.032258064516129
2009;9;Iporanga;111.00000000000001;3.7000000000000006
2009;1;Itariri;261.20000000000005;8.425806451612905
2009;10;Itariri;139.2;4.490322580645161
2009;11;Itariri;211.79999999999998;7.06
2009;12;Itariri;230.7999999999999;7.445161290322577
2009;2;Itariri;163.20000000000002;5.828571428571429
2009;3;Itariri;110.20000000000003;3.5548387096774205
2009;4;Itariri;24.799999999999997;0.8266666666666665
2009;5;Itariri;39.0;1.2580645161290323
2009;6;Itariri;40.39999999999999;1.3466666666666665
2009;7;Itariri;76.40000000000003;2.4645161290322593
2009;8;Itariri;73.00000000000001;2.35483870967742
2009;9;Itariri;156.00000000000003;5.200000000000001
2009;1;Jacupiranga;199.79999999999978;6.445161290322574
2009;10;Jacupiranga;176.99999999999994;5.709677419354837
2009;11;Jacupiranga;210.19999999999976;7.006666666666659
2009;12;Jacupiranga;48.6;1.567741935483871
2009;2;Jacupiranga;195.59999999999994;6.985714285714283
2009;3;Jacupiranga;50.400000000000034;1.6258064516129043
2009;4;Jacupiranga;20.4;0.6799999999999999
2009;5;Jacupiranga;66.40000000000003;2.1419354838709688
2009;6;Jacupiranga;63.800000000000026;2.1266666666666674
2009;7;Jacupiranga;246.7999999999998;7.9612903225806395
2009;8;Jacupiranga;33.800000000000004;1.0903225806451615
2009;9;Jacupiranga;238.5999999999999;7.9533333333333305
2009;1;Juquia;309.19999999999965;9.974193548387085
2009;10;Juquia;192.99999999999994;6.225806451612901
2009;11;Juquia;233.59999999999994;7.786666666666664
2009;12;Juquia;270.79999999999995;8.735483870967741
2009;2;Juquia;91.80000000000003;3.2785714285714294
2009;3;Juquia;24.99999999999999;0.8064516129032254
2009;4;Juquia;27.6;0.92
2009;5;Juquia;89.00000000000006;2.8709677419354858
2009;6;Juquia;86.60000000000005;2.8866666666666685
2009;7;Juquia;178.79999999999973;5.767741935483862
2009;8;Juquia;89.00000000000001;2.8709677419354844
2009;9;Juquia;160.5999999999999;5.35333333333333
2009;1;Miracatu;177.0;5.709677419354839
2009;10;Miracatu;52.400000000000055;1.6903225806451632
2009;11;Miracatu;180.8000000000002;6.0266666666666735
2009;12;Miracatu;284.59999999999985;9.180645161290318
2009;2;Miracatu;148.60000000000002;5.307142857142858
2009;3;Miracatu;126.20000000000006;4.070967741935486
2009;4;Miracatu;23.799999999999994;0.7933333333333331
2009;5;Miracatu;12.399999999999995;0.39999999999999986
2009;6;Miracatu;61.400000000000034;2.0466666666666677
2009;7;Miracatu;67.00000000000001;2.1612903225806455
2009;8;Miracatu;64.00000000000001;2.0645161290322585
2009;9;Miracatu;147.59999999999997;4.919999999999999
2009;1;Pariquera-Acu;238.60000000000005;7.696774193548388
2009;10;Pariquera-Acu;130.39999999999998;4.2064516129032254
2009;11;Pariquera-Acu;246.99999999999986;8.233333333333329
2009;12;Pariquera-Acu;304.59999999999974;9.825806451612895
2009;2;Pariquera-Acu;307.7999999999998;10.992857142857135
2009;3;Pariquera-Acu;371.59999999999985;11.987096774193544
2009;4;Pariquera-Acu;79.0;2.6333333333333333
2009;5;Pariquera-Acu;37.99999999999999;1.225806451612903
2009;6;Pariquera-Acu;52.20000000000004;1.7400000000000013
2009;7;Pariquera-Acu;28.599999999999994;0.9225806451612901
2009;8;Pariquera-Acu;135.79999999999995;4.380645161290321
2009;9;Pariquera-Acu;127.40000000000005;4.246666666666668
2009;1;Pedro de Toledo;322.5999999999997;10.406451612903215
2009;10;Pedro de Toledo;0.0;0.0
2009;11;Pedro de Toledo;0.0;0.0
2009;12;Pedro de Toledo;267.8;8.638709677419355
2009;2;Pedro de Toledo;172.00000000000006;6.142857142857145
2009;3;Pedro de Toledo;150.6;4.858064516129032
2009;4;Pedro de Toledo;104.60000000000004;3.4866666666666677
2009;5;Pedro de Toledo;51.80000000000002;1.6709677419354845
2009;6;Pedro de Toledo;24.399999999999988;0.8133333333333329
2009;7;Pedro de Toledo;60.00000000000001;1.9354838709677422
2009;8;Pedro de Toledo;164.59999999999997;5.309677419354838
2009;9;Pedro de Toledo;83.60000000000007;2.786666666666669
2009;1;Registro;0.0;0.0
2009;10;Registro;205.99999999999997;6.64516129032258
2009;11;Registro;237.7999999999999;7.926666666666663
2009;12;Registro;470.4;15.174193548387096
2009;2;Registro;0.0;0.0
2009;3;Registro;0.0;0.0
2009;4;Registro;0.0;0.0
2009;5;Registro;0.0;0.0
2009;6;Registro;0.0;0.0
2009;7;Registro;0.0;0.0
2009;8;Registro;0.0;0.0
2009;9;Registro;0.0;0.0
2009;1;Sete Barras;431.99999999999955;13.935483870967728
2009;10;Sete Barras;225.99999999999991;7.290322580645158
2009;11;Sete Barras;314.59999999999985;10.486666666666661
2009;12;Sete Barras;265.3999999999999;8.561290322580643
2009;2;Sete Barras;118.00000000000004;4.214285714285716
2009;3;Sete Barras;35.800000000000004;1.1548387096774195
2009;4;Sete Barras;26.799999999999997;0.8933333333333332
2009;5;Sete Barras;39.599999999999994;1.2774193548387094
2009;6;Sete Barras;65.60000000000001;2.186666666666667
2009;7;Sete Barras;150.59999999999994;4.85806451612903
2009;8;Sete Barras;124.40000000000003;4.012903225806452
2009;9;Sete Barras;140.60000000000005;4.686666666666668
2010;1;Barra do Turvo;394.1999999999995;12.716129032258047
2010;10;Barra do Turvo;139.20000000000013;4.490322580645166
2010;11;Barra do Turvo;131.40000000000006;4.380000000000002
2010;12;Barra do Turvo;295.1999999999999;9.522580645161286
2010;2;Barra do Turvo;224.59999999999974;8.021428571428562
2010;3;Barra do Turvo;228.39999999999975;7.3677419354838625
2010;4;Barra do Turvo;245.7999999999997;8.193333333333323
2010;5;Barra do Turvo;103.00000000000023;3.3225806451612976
2010;6;Barra do Turvo;71.0000000000001;2.36666666666667
2010;7;Barra do Turvo;34.000000000000014;1.0967741935483875
2010;8;Barra do Turvo;26.599999999999973;0.8580645161290313
2010;9;Barra do Turvo;62.00000000000001;2.066666666666667
2010;1;Cajati;293.99999999999994;9.483870967741934
2010;10;Cajati;128.8;4.15483870967742
2010;11;Cajati;58.599999999999994;1.9533333333333331
2010;12;Cajati;244.39999999999986;7.883870967741931
2010;2;Cajati;138.00000000000006;4.928571428571431
2010;3;Cajati;94.60000000000002;3.051612903225807
2010;4;Cajati;74.80000000000001;2.4933333333333336
2010;5;Cajati;34.99999999999999;1.1290322580645158
2010;6;Cajati;17.399999999999995;0.5799999999999998
2010;7;Cajati;56.20000000000001;1.812903225806452
2010;8;Cajati;0.0;0.0
2010;9;Cajati;64.39999999999999;2.1466666666666665
2010;1;Cananeia;0.0;0.0
2010;10;Cananeia;0.0;0.0
2010;11;Cananeia;0.0;0.0
2010;12;Cananeia;261.7999999999997;8.445161290322572
2010;2;Cananeia;0.0;0.0
2010;3;Cananeia;0.0;0.0
2010;4;Cananeia;0.0;0.0
2010;5;Cananeia;0.0;0.0
2010;6;Cananeia;0.0;0.0
2010;7;Cananeia;0.0;0.0
2010;8;Cananeia;0.0;0.0
2010;9;Cananeia;0.0;0.0
2010;1;Eldorado;0.0;0.0
2010;10;Eldorado;92.60000000000004;2.9870967741935495
2010;11;Eldorado;131.8;4.3933333333333335
2010;12;Eldorado;116.60000000000005;3.761290322580647
2010;2;Eldorado;0.0;0.0
2010;3;Eldorado;122.20000000000003;3.9419354838709686
2010;4;Eldorado;55.20000000000001;1.8400000000000003
2010;5;Eldorado;15.599999999999998;0.5032258064516129
2010;6;Eldorado;6.4;0.21333333333333335
2010;7;Eldorado;0.0;0.0
2010;8;Eldorado;0.0;0.0
2010;9;Eldorado;100.60000000000005;3.353333333333335
2010;1;Iguape;469.99999999999994;15.161290322580644
2010;10;Iguape;95.60000000000004;3.0838709677419365
2010;11;Iguape;109.40000000000003;3.646666666666668
2010;12;Iguape;468.5999999999997;15.116129032258055
2010;2;Iguape;269.2000000000001;9.614285714285717
2010;3;Iguape;165.79999999999998;5.348387096774193
2010;4;Iguape;252.5999999999996;8.419999999999986
2010;5;Iguape;143.60000000000005;4.63225806451613
2010;6;Iguape;84.60000000000007;2.820000000000002
2010;7;Iguape;231.59999999999994;7.470967741935482
2010;8;Iguape;48.00000000000005;1.548387096774195
2010;9;Iguape;79.00000000000006;2.633333333333335
2010;1;Ilha Comprida;360.39999999999964;11.625806451612892
2010;10;Ilha Comprida;63.800000000000004;2.0580645161290323
2010;11;Ilha Comprida;157.2;5.239999999999999
2010;12;Ilha Comprida;246.79999999999998;7.961290322580645
2010;2;Ilha Comprida;87.60000000000002;3.1285714285714294
2010;3;Ilha Comprida;96.2;3.103225806451613
2010;4;Ilha Comprida;85.60000000000001;2.8533333333333335
2010;5;Ilha Comprida;23.999999999999993;0.7741935483870965
2010;6;Ilha Comprida;15.399999999999997;0.5133333333333332
2010;7;Ilha Comprida;53.6;1.729032258064516
2010;8;Ilha Comprida;0.2;0.0064516129032258064
2010;9;Ilha Comprida;47.80000000000001;1.5933333333333337
2010;1;Iporanga;0.0;0.0
2010;10;Iporanga;0.4;0.012903225806451613
2010;11;Iporanga;33.99999999999999;1.133333333333333
2010;12;Iporanga;172.20000000000005;5.554838709677421
2010;2;Iporanga;0.0;0.0
2010;3;Iporanga;0.0;0.0
2010;4;Iporanga;0.0;0.0
2010;5;Iporanga;0.0;0.0
2010;6;Iporanga;0.0;0.0
2010;7;Iporanga;0.0;0.0
2010;8;Iporanga;0.0;0.0
2010;9;Iporanga;1.7999999999999998;0.05999999999999999
2010;1;Itariri;389.5999999999999;12.567741935483868
2010;10;Itariri;112.40000000000002;3.625806451612904
2010;11;Itariri;108.0;3.6
2010;12;Itariri;271.99999999999983;8.77419354838709
2010;2;Itariri;182.60000000000002;6.521428571428572
2010;3;Itariri;104.60000000000002;3.3741935483870975
2010;4;Itariri;88.00000000000003;2.9333333333333345
2010;5;Itariri;23.599999999999998;0.7612903225806451
2010;6;Itariri;23.2;0.7733333333333333
2010;7;Itariri;79.2;2.5548387096774197
2010;8;Itariri;0.0;0.0
2010;9;Itariri;89.39999999999996;2.9799999999999986
2010;1;Jacupiranga;367.19999999999965;11.845161290322569
2010;10;Jacupiranga;14.399999999999999;0.46451612903225803
2010;11;Jacupiranga;68.0;2.2666666666666666
2010;12;Jacupiranga;237.59999999999988;7.664516129032254
2010;2;Jacupiranga;144.6;5.164285714285714
2010;3;Jacupiranga;159.6;5.148387096774194
2010;4;Jacupiranga;130.6;4.3533333333333335
2010;5;Jacupiranga;32.19999999999999;1.0387096774193545
2010;6;Jacupiranga;36.6;1.22
2010;7;Jacupiranga;81.0;2.6129032258064515
2010;8;Jacupiranga;43.79999999999999;1.4129032258064513
2010;9;Jacupiranga;29.000000000000004;0.9666666666666668
2010;1;Juquia;239.99999999999986;7.7419354838709635
2010;10;Juquia;127.60000000000005;4.116129032258066
2010;11;Juquia;40.00000000000001;1.3333333333333335
2010;12;Juquia;132.8;4.283870967741936
2010;2;Juquia;63.800000000000004;2.278571428571429
2010;3;Juquia;106.00000000000001;3.419354838709678
2010;4;Juquia;55.60000000000003;1.8533333333333344
2010;5;Juquia;39.80000000000001;1.2838709677419358
2010;6;Juquia;49.40000000000002;1.6466666666666674
2010;7;Juquia;40.999999999999986;1.3225806451612898
2010;8;Juquia;7.6;0.24516129032258063
2010;9;Juquia;60.6;2.02
2010;1;Miracatu;258.3999999999998;8.335483870967735
2010;10;Miracatu;92.00000000000003;2.967741935483872
2010;11;Miracatu;35.4;1.18
2010;12;Miracatu;239.79999999999987;7.735483870967737
2010;2;Miracatu;141.00000000000003;5.0357142857142865
2010;3;Miracatu;132.80000000000004;4.283870967741937
2010;4;Miracatu;83.80000000000003;2.7933333333333343
2010;5;Miracatu;27.199999999999992;0.8774193548387095
2010;6;Miracatu;19.199999999999992;0.6399999999999998
2010;7;Miracatu;63.6;2.0516129032258066
2010;8;Miracatu;0.0;0.0
2010;9;Miracatu;109.80000000000005;3.660000000000002
2010;1;Pariquera-Acu;250.3999999999998;8.077419354838703
2010;10;Pariquera-Acu;42.00000000000001;1.3548387096774195
2010;11;Pariquera-Acu;68.00000000000004;2.266666666666668
2010;12;Pariquera-Acu;27.599999999999977;0.8903225806451606
2010;2;Pariquera-Acu;132.20000000000005;4.721428571428573
2010;3;Pariquera-Acu;114.60000000000004;3.6967741935483884
2010;4;Pariquera-Acu;60.80000000000002;2.0266666666666673
2010;5;Pariquera-Acu;13.799999999999999;0.4451612903225806
2010;6;Pariquera-Acu;11.399999999999997;0.3799999999999999
2010;7;Pariquera-Acu;2.4;0.07741935483870968
2010;8;Pariquera-Acu;0.0;0.0
2010;9;Pariquera-Acu;87.40000000000002;2.913333333333334
2010;1;Pedro de Toledo;0.2;0.0064516129032258064
2010;10;Pedro de Toledo;95.80000000000005;3.090322580645163
2010;11;Pedro de Toledo;69.20000000000003;2.3066666666666675
2010;12;Pedro de Toledo;369.5999999999998;11.922580645161284
2010;2;Pedro de Toledo;0.0;0.0
2010;3;Pedro de Toledo;63.00000000000001;2.0322580645161294
2010;4;Pedro de Toledo;68.40000000000002;2.2800000000000007
2010;5;Pedro de Toledo;26.79999999999999;0.8645161290322577
2010;6;Pedro de Toledo;15.599999999999998;0.5199999999999999
2010;7;Pedro de Toledo;15.2;0.49032258064516127
2010;8;Pedro de Toledo;0.0;0.0
2010;9;Pedro de Toledo;91.40000000000006;3.0466666666666686
2010;1;Registro;437.9999999999998;14.129032258064509
2010;10;Registro;167.39999999999998;5.3999999999999995
2010;11;Registro;261.99999999999994;8.73333333333333
2010;12;Registro;287.99999999999983;9.290322580645157
2010;2;Registro;206.79999999999998;7.385714285714285
2010;3;Registro;222.80000000000007;7.1870967741935505
2010;4;Registro;36.800000000000004;1.2266666666666668
2010;5;Registro;36.60000000000001;1.1806451612903228
2010;6;Registro;12.199999999999996;0.4066666666666665
2010;7;Registro;3.4000000000000004;0.10967741935483873
2010;8;Registro;0.0;0.0
2010;9;Registro;116.00000000000001;3.866666666666667
2010;1;Sete Barras;408.1999999999996;13.167741935483857
2010;10;Sete Barras;98.20000000000003;3.167741935483872
2010;11;Sete Barras;102.40000000000003;3.4133333333333344
2010;12;Sete Barras;122.39999999999999;3.9483870967741934
2010;2;Sete Barras;118.40000000000003;4.2285714285714295
2010;3;Sete Barras;62.80000000000001;2.0258064516129037
2010;4;Sete Barras;60.800000000000004;2.026666666666667
2010;5;Sete Barras;25.399999999999984;0.819354838709677
2010;6;Sete Barras;26.199999999999992;0.8733333333333331
2010;7;Sete Barras;39.8;1.2838709677419353
2010;8;Sete Barras;0.2;0.0064516129032258064
2010;9;Sete Barras;77.80000000000001;2.5933333333333337
2011;1;Barra do Turvo;431.1999999999997;13.909677419354828
2011;10;Barra do Turvo;2.4000000000000004;0.0774193548387097
2011;11;Barra do Turvo;0.0;0.0
2011;12;Barra do Turvo;0.0;0.0
2011;2;Barra do Turvo;253.7999999999996;9.0642857142857
2011;3;Barra do Turvo;234.9999999999997;7.580645161290312
2011;4;Barra do Turvo;0.0;0.0
2011;5;Barra do Turvo;0.0;0.0
2011;6;Barra do Turvo;0.0;0.0
2011;7;Barra do Turvo;43.60000000000002;1.4064516129032265
2011;8;Barra do Turvo;290.59999999999997;9.374193548387096
2011;9;Barra do Turvo;49.40000000000003;1.6466666666666676
2011;1;Cajati;299.39999999999964;9.65806451612902
2011;10;Cajati;200.79999999999998;6.477419354838709
2011;11;Cajati;70.60000000000001;2.3533333333333335
2011;12;Cajati;147.4;4.754838709677419
2011;2;Cajati;292.99999999999983;10.464285714285708
2011;3;Cajati;15.999999999999988;0.5161290322580642
2011;4;Cajati;0.0;0.0
2011;5;Cajati;0.0;0.0
2011;6;Cajati;6.000000000000002;0.20000000000000007
2011;7;Cajati;2.1999999999999997;0.07096774193548386
2011;8;Cajati;4.600000000000002;0.14838709677419362
2011;9;Cajati;2.5999999999999996;0.08666666666666666
2011;1;Cananeia;333.1999999999994;10.748387096774175
2011;10;Cananeia;17.799999999999994;0.5741935483870966
2011;11;Cananeia;30.599999999999994;1.0199999999999998
2011;12;Cananeia;0.0;0.0
2011;2;Cananeia;126.6000000000002;4.5214285714285785
2011;3;Cananeia;37.199999999999974;1.199999999999999
2011;4;Cananeia;124.40000000000005;4.146666666666668
2011;5;Cananeia;6.200000000000001;0.20000000000000004
2011;6;Cananeia;26.4;0.88
2011;7;Cananeia;0.0;0.0
2011;8;Cananeia;35.4;1.1419354838709677
2011;9;Cananeia;4.600000000000001;0.15333333333333338
2011;1;Eldorado;326.3999999999999;10.529032258064513
2011;10;Eldorado;79.60000000000007;2.567741935483873
2011;11;Eldorado;141.2;4.706666666666666
2011;12;Eldorado;195.19999999999993;6.2967741935483845
2011;2;Eldorado;390.99999999999994;13.964285714285712
2011;3;Eldorado;462.39999999999947;14.916129032258047
2011;4;Eldorado;50.4;1.68
2011;5;Eldorado;6.4;0.2064516129032258
2011;6;Eldorado;22.199999999999996;0.7399999999999999
2011;7;Eldorado;0.0;0.0
2011;8;Eldorado;0.0;0.0
2011;9;Eldorado;0.0;0.0
2011;1;Iguape;393.79999999999995;12.703225806451611
2011;10;Iguape;165.00000000000003;5.322580645161291
2011;11;Iguape;237.3999999999999;7.9133333333333296
2011;12;Iguape;281.5999999999998;9.083870967741928
2011;2;Iguape;372.7999999999997;13.314285714285704
2011;3;Iguape;138.00000000000003;4.451612903225807
2011;4;Iguape;81.80000000000007;2.726666666666669
2011;5;Iguape;103.60000000000007;3.34193548387097
2011;6;Iguape;104.60000000000002;3.4866666666666672
2011;7;Iguape;133.20000000000005;4.296774193548389
2011;8;Iguape;180.39999999999998;5.8193548387096765
2011;9;Iguape;30.39999999999998;1.0133333333333328
2011;1;Ilha Comprida;400.5999999999999;12.922580645161288
2011;10;Ilha Comprida;72.20000000000002;2.3290322580645166
2011;11;Ilha Comprida;50.59999999999999;1.6866666666666663
2011;12;Ilha Comprida;78.40000000000002;2.529032258064517
2011;2;Ilha Comprida;85.00000000000003;3.035714285714287
2011;3;Ilha Comprida;79.6;2.5677419354838706
2011;4;Ilha Comprida;82.19999999999999;2.7399999999999998
2011;5;Ilha Comprida;7.2;0.23225806451612904
2011;6;Ilha Comprida;36.199999999999996;1.2066666666666666
2011;7;Ilha Comprida;9.799999999999999;0.3161290322580645
2011;8;Ilha Comprida;37.599999999999994;1.2129032258064514
2011;9;Ilha Comprida;2.6000000000000005;0.08666666666666668
2011;1;Iporanga;343.9999999999997;11.096774193548377
2011;10;Iporanga;21.599999999999962;0.6967741935483859
2011;11;Iporanga;102.00000000000021;3.400000000000007
2011;12;Iporanga;114.60000000000005;3.696774193548389
2011;2;Iporanga;57.40000000000002;2.0500000000000007
2011;3;Iporanga;282.5999999999998;9.116129032258058
2011;4;Iporanga;103.40000000000005;3.446666666666668
2011;5;Iporanga;5.4;0.17419354838709677
2011;6;Iporanga;32.6;1.0866666666666667
2011;7;Iporanga;0.2;0.0064516129032258064
2011;8;Iporanga;10.199999999999998;0.329032258064516
2011;9;Iporanga;6.8000000000000025;0.22666666666666674
2011;1;Itariri;494.39999999999964;15.948387096774182
2011;10;Itariri;189.79999999999987;6.122580645161286
2011;11;Itariri;166.8;5.5600000000000005
2011;12;Itariri;135.8;4.380645161290323
2011;2;Itariri;147.6;5.271428571428571
2011;3;Itariri;284.5999999999999;9.18064516129032
2011;4;Itariri;113.39999999999998;3.7799999999999994
2011;5;Itariri;26.0;0.8387096774193549
2011;6;Itariri;46.40000000000001;1.546666666666667
2011;7;Itariri;4.800000000000001;0.1548387096774194
2011;8;Itariri;41.400000000000006;1.3354838709677421
2011;9;Itariri;2.400000000000001;0.08000000000000003
2011;1;Jacupiranga;257.79999999999995;8.316129032258063
2011;10;Jacupiranga;286.9999999999999;9.258064516129028
2011;11;Jacupiranga;58.40000000000002;1.9466666666666674
2011;12;Jacupiranga;34.6;1.1161290322580646
2011;2;Jacupiranga;149.60000000000005;5.342857142857144
2011;3;Jacupiranga;76.60000000000002;2.4709677419354845
2011;4;Jacupiranga;53.00000000000002;1.7666666666666673
2011;5;Jacupiranga;6.400000000000001;0.20645161290322583
2011;6;Jacupiranga;90.80000000000003;3.0266666666666677
2011;7;Jacupiranga;78.60000000000002;2.5354838709677425
2011;8;Jacupiranga;78.4;2.5290322580645164
2011;9;Jacupiranga;1.9999999999999998;0.06666666666666667
2011;1;Juquia;159.00000000000003;5.129032258064517
2011;10;Juquia;384.9999999999998;12.41935483870967
2011;11;Juquia;67.0;2.2333333333333334
2011;12;Juquia;60.800000000000026;1.961290322580646
2011;2;Juquia;90.39999999999999;3.228571428571428
2011;3;Juquia;56.400000000000034;1.8193548387096785
2011;4;Juquia;78.60000000000001;2.62
2011;5;Juquia;5.200000000000001;0.167741935483871
2011;6;Juquia;41.600000000000016;1.3866666666666672
2011;7;Juquia;20.4;0.6580645161290322
2011;8;Juquia;39.60000000000001;1.27741935483871
2011;9;Juquia;1.9999999999999998;0.06666666666666667
2011;1;Miracatu;408.59999999999974;13.180645161290315
2011;10;Miracatu;210.99999999999991;6.806451612903223
2011;11;Miracatu;167.6;5.586666666666667
2011;12;Miracatu;150.99999999999991;4.870967741935481
2011;2;Miracatu;89.8;3.207142857142857
2011;3;Miracatu;178.79999999999998;5.767741935483871
2011;4;Miracatu;112.00000000000003;3.7333333333333343
2011;5;Miracatu;25.799999999999994;0.8322580645161288
2011;6;Miracatu;47.00000000000003;1.5666666666666675
2011;7;Miracatu;3.6;0.11612903225806452
2011;8;Miracatu;23.199999999999996;0.7483870967741935
2011;9;Miracatu;1.7999999999999998;0.05999999999999999
2011;1;Pariquera-Acu;166.59999999999988;5.374193548387093
2011;10;Pariquera-Acu;172.39999999999995;5.561290322580644
2011;11;Pariquera-Acu;218.79999999999993;7.293333333333331
2011;12;Pariquera-Acu;218.79999999999995;7.058064516129031
2011;2;Pariquera-Acu;0.0;0.0
2011;3;Pariquera-Acu;105.20000000000002;3.3935483870967746
2011;4;Pariquera-Acu;81.00000000000003;2.700000000000001
2011;5;Pariquera-Acu;8.6;0.27741935483870966
2011;6;Pariquera-Acu;29.799999999999997;0.9933333333333333
2011;7;Pariquera-Acu;0.2;0.0064516129032258064
2011;8;Pariquera-Acu;28.4;0.9161290322580645
2011;9;Pariquera-Acu;11.6;0.38666666666666666
2011;1;Pedro de Toledo;344.59999999999974;11.116129032258057
2011;10;Pedro de Toledo;193.59999999999988;6.245161290322577
2011;11;Pedro de Toledo;120.60000000000001;4.0200000000000005
2011;12;Pedro de Toledo;154.60000000000005;4.98709677419355
2011;2;Pedro de Toledo;224.59999999999985;8.021428571428567
2011;3;Pedro de Toledo;264.79999999999967;8.541935483870956
2011;4;Pedro de Toledo;121.80000000000001;4.0600000000000005
2011;5;Pedro de Toledo;3.8000000000000007;0.12258064516129034
2011;6;Pedro de Toledo;37.20000000000002;1.2400000000000007
2011;7;Pedro de Toledo;3.2;0.1032258064516129
2011;8;Pedro de Toledo;21.800000000000008;0.7032258064516131
2011;9;Pedro de Toledo;19.0;0.6333333333333333
2011;1;Registro;327.7999999999998;10.57419354838709
2011;10;Registro;160.59999999999997;5.180645161290322
2011;11;Registro;167.4;5.58
2011;12;Registro;279.6;9.019354838709678
2011;2;Registro;169.79999999999993;6.064285714285711
2011;3;Registro;403.5999999999994;13.019354838709658
2011;4;Registro;133.00000000000003;4.4333333333333345
2011;5;Registro;1.8;0.05806451612903226
2011;6;Registro;36.40000000000002;1.213333333333334
2011;7;Registro;0.6000000000000001;0.019354838709677424
2011;8;Registro;30.0;0.967741935483871
2011;9;Registro;10.8;0.36000000000000004
2011;1;Sete Barras;66.20000000000005;2.1354838709677435
2011;10;Sete Barras;194.6;6.27741935483871
2011;11;Sete Barras;43.19999999999999;1.4399999999999997
2011;12;Sete Barras;91.00000000000004;2.9354838709677433
2011;2;Sete Barras;64.20000000000002;2.2928571428571436
2011;3;Sete Barras;94.20000000000007;3.0387096774193574
2011;4;Sete Barras;53.40000000000003;1.780000000000001
2011;5;Sete Barras;1.7999999999999998;0.058064516129032254
2011;6;Sete Barras;43.00000000000003;1.4333333333333342
2011;7;Sete Barras;0.6000000000000001;0.019354838709677424
2011;8;Sete Barras;5.200000000000001;0.167741935483871
2011;9;Sete Barras;6.600000000000001;0.22000000000000006
2012;1;Barra do Turvo;0.0;0.0
2012;10;Barra do Turvo;67.20000000000003;2.167741935483872
2012;11;Barra do Turvo;75.40000000000009;2.5133333333333363
2012;12;Barra do Turvo;229.59999999999974;7.406451612903218
2012;2;Barra do Turvo;0.0;0.0
2012;3;Barra do Turvo;0.0;0.0
2012;4;Barra do Turvo;0.0;0.0
2012;5;Barra do Turvo;0.0;0.0
2012;6;Barra do Turvo;0.0;0.0
2012;7;Barra do Turvo;0.0;0.0
2012;8;Barra do Turvo;0.0;0.0
2012;9;Barra do Turvo;0.0;0.0
2012;1;Cajati;273.4;8.819354838709677
2012;10;Cajati;99.60000000000005;3.2129032258064534
2012;11;Cajati;50.600000000000016;1.6866666666666672
2012;12;Cajati;270.1999999999998;8.716129032258058
2012;2;Cajati;181.59999999999988;6.485714285714281
2012;3;Cajati;81.20000000000005;2.619354838709679
2012;4;Cajati;110.00000000000004;3.6666666666666683
2012;5;Cajati;61.20000000000002;1.9741935483870974
2012;6;Cajati;270.80000000000007;9.026666666666669
2012;7;Cajati;49.00000000000001;1.5806451612903227
2012;8;Cajati;1.0;0.03225806451612903
2012;9;Cajati;77.39999999999999;2.5799999999999996
2012;1;Cananeia;6.200000000000002;0.20000000000000007
2012;10;Cananeia;92.60000000000002;2.987096774193549
2012;11;Cananeia;146.80000000000004;4.893333333333334
2012;12;Cananeia;221.79999999999967;7.154838709677409
2012;2;Cananeia;0.0;0.0
2012;3;Cananeia;50.000000000000014;1.6129032258064522
2012;4;Cananeia;141.8;4.7266666666666675
2012;5;Cananeia;78.00000000000003;2.5161290322580654
2012;6;Cananeia;90.80000000000004;3.026666666666668
2012;7;Cananeia;51.2;1.6516129032258065
2012;8;Cananeia;0.0;0.0
2012;9;Cananeia;22.4;0.7466666666666666
2012;1;Eldorado;289.8;9.348387096774195
2012;10;Eldorado;51.400000000000006;1.6580645161290324
2012;11;Eldorado;164.4;5.48
2012;12;Eldorado;177.19999999999996;5.716129032258063
2012;2;Eldorado;66.39999999999999;2.371428571428571
2012;3;Eldorado;58.200000000000024;1.8774193548387104
2012;4;Eldorado;129.8;4.326666666666667
2012;5;Eldorado;64.20000000000003;2.070967741935485
2012;6;Eldorado;144.20000000000007;4.806666666666669
2012;7;Eldorado;2.8;0.09032258064516129
2012;8;Eldorado;0.0;0.0
2012;9;Eldorado;69.4;2.3133333333333335
2012;1;Iguape;234.0;7.548387096774194
2012;10;Iguape;120.00000000000006;3.8709677419354858
2012;11;Iguape;97.60000000000004;3.2533333333333347
2012;12;Iguape;184.0;5.935483870967742
2012;2;Iguape;143.99999999999997;5.1428571428571415
2012;3;Iguape;127.6;4.116129032258065
2012;4;Iguape;151.20000000000007;5.040000000000003
2012;5;Iguape;148.60000000000005;4.793548387096775
2012;6;Iguape;346.1999999999998;11.539999999999994
2012;7;Iguape;307.59999999999957;9.922580645161277
2012;8;Iguape;24.799999999999994;0.7999999999999998
2012;9;Iguape;43.80000000000002;1.4600000000000006
2012;1;Ilha Comprida;170.79999999999998;5.509677419354838
2012;10;Ilha Comprida;62.39999999999999;2.0129032258064514
2012;11;Ilha Comprida;131.2;4.373333333333333
2012;12;Ilha Comprida;151.40000000000006;4.883870967741937
2012;2;Ilha Comprida;56.40000000000003;2.014285714285715
2012;3;Ilha Comprida;26.799999999999994;0.8645161290322578
2012;4;Ilha Comprida;87.60000000000001;2.9200000000000004
2012;5;Ilha Comprida;22.199999999999996;0.7161290322580643
2012;6;Ilha Comprida;88.00000000000004;2.933333333333335
2012;7;Ilha Comprida;49.400000000000006;1.5935483870967744
2012;8;Ilha Comprida;0.0;0.0
2012;9;Ilha Comprida;16.0;0.5333333333333333
2012;1;Iporanga;21.399999999999956;0.6903225806451598
2012;10;Iporanga;38.6;1.2451612903225806
2012;11;Iporanga;95.80000000000001;3.193333333333334
2012;12;Iporanga;255.7999999999999;8.251612903225803
2012;2;Iporanga;15.399999999999977;0.5499999999999992
2012;3;Iporanga;20.999999999999986;0.6774193548387092
2012;4;Iporanga;30.199999999999985;1.0066666666666662
2012;5;Iporanga;7.0000000000000036;0.22580645161290333
2012;6;Iporanga;10.000000000000004;0.3333333333333334
2012;7;Iporanga;21.8;0.7032258064516129
2012;8;Iporanga;0.0;0.0
2012;9;Iporanga;66.80000000000001;2.226666666666667
2012;1;Itariri;236.79999999999998;7.638709677419354
2012;10;Itariri;72.2;2.329032258064516
2012;11;Itariri;84.80000000000005;2.8266666666666684
2012;12;Itariri;250.2;8.070967741935483
2012;2;Itariri;0.0;0.0
2012;3;Itariri;24.599999999999998;0.7935483870967741
2012;4;Itariri;77.40000000000006;2.5800000000000023
2012;5;Itariri;37.2;1.2000000000000002
2012;6;Itariri;11.8;0.39333333333333337
2012;7;Itariri;16.999999999999996;0.5483870967741934
2012;8;Itariri;0.8;0.025806451612903226
2012;9;Itariri;85.4;2.8466666666666667
2012;1;Jacupiranga;0.0;0.0
2012;10;Jacupiranga;120.60000000000001;3.8903225806451616
2012;11;Jacupiranga;96.60000000000002;3.2200000000000006
2012;12;Jacupiranga;235.0;7.580645161290323
2012;2;Jacupiranga;0.0;0.0
2012;3;Jacupiranga;0.0;0.0
2012;4;Jacupiranga;0.0;0.0
2012;5;Jacupiranga;0.0;0.0
2012;6;Jacupiranga;257.6;8.586666666666668
2012;7;Jacupiranga;131.4;4.238709677419355
2012;8;Jacupiranga;3.4000000000000004;0.10967741935483873
2012;9;Jacupiranga;47.00000000000002;1.5666666666666673
2012;1;Juquia;175.59999999999997;5.664516129032257
2012;10;Juquia;93.2;3.0064516129032257
2012;11;Juquia;13.799999999999992;0.45999999999999974
2012;12;Juquia;73.40000000000012;2.367741935483875
2012;2;Juquia;103.60000000000004;3.7000000000000015
2012;3;Juquia;99.40000000000002;3.2064516129032263
2012;4;Juquia;127.40000000000002;4.246666666666667
2012;5;Juquia;88.80000000000004;2.864516129032259
2012;6;Juquia;309.59999999999985;10.319999999999995
2012;7;Juquia;45.60000000000001;1.470967741935484
2012;8;Juquia;0.0;0.0
2012;9;Juquia;87.60000000000001;2.9200000000000004
2012;1;Miracatu;248.79999999999987;8.0258064516129
2012;10;Miracatu;76.60000000000002;2.4709677419354845
2012;11;Miracatu;109.60000000000002;3.653333333333334
2012;12;Miracatu;208.3999999999999;6.722580645161287
2012;2;Miracatu;150.9999999999999;5.392857142857139
2012;3;Miracatu;66.20000000000003;2.135483870967743
2012;4;Miracatu;174.59999999999997;5.8199999999999985
2012;5;Miracatu;66.00000000000001;2.1290322580645165
2012;6;Miracatu;174.19999999999996;5.806666666666666
2012;7;Miracatu;26.999999999999996;0.8709677419354838
2012;8;Miracatu;0.2;0.0064516129032258064
2012;9;Miracatu;44.00000000000001;1.466666666666667
2012;1;Pariquera-Acu;239.3999999999997;7.722580645161281
2012;10;Pariquera-Acu;69.80000000000001;2.2516129032258068
2012;11;Pariquera-Acu;181.4;6.046666666666667
2012;12;Pariquera-Acu;133.60000000000005;4.30967741935484
2012;2;Pariquera-Acu;69.20000000000002;2.471428571428572
2012;3;Pariquera-Acu;65.60000000000002;2.116129032258065
2012;4;Pariquera-Acu;94.40000000000002;3.1466666666666674
2012;5;Pariquera-Acu;73.6;2.3741935483870966
2012;6;Pariquera-Acu;139.99999999999997;4.666666666666666
2012;7;Pariquera-Acu;23.399999999999995;0.7548387096774192
2012;8;Pariquera-Acu;0.0;0.0
2012;9;Pariquera-Acu;68.0;2.2666666666666666
2012;1;Pedro de Toledo;332.0;10.709677419354838
2012;10;Pedro de Toledo;72.6;2.3419354838709676
2012;11;Pedro de Toledo;60.00000000000001;2.0000000000000004
2012;12;Pedro de Toledo;208.59999999999994;6.729032258064514
2012;2;Pedro de Toledo;104.00000000000003;3.7142857142857153
2012;3;Pedro de Toledo;17.199999999999996;0.5548387096774192
2012;4;Pedro de Toledo;40.400000000000006;1.346666666666667
2012;5;Pedro de Toledo;41.00000000000001;1.3225806451612905
2012;6;Pedro de Toledo;146.20000000000005;4.873333333333335
2012;7;Pedro de Toledo;8.799999999999999;0.28387096774193543
2012;8;Pedro de Toledo;0.0;0.0
2012;9;Pedro de Toledo;44.400000000000006;1.4800000000000002
2012;1;Registro;328.39999999999964;10.593548387096762
2012;10;Registro;85.39999999999999;2.754838709677419
2012;11;Registro;190.20000000000007;6.3400000000000025
2012;12;Registro;279.9999999999999;9.032258064516125
2012;2;Registro;132.6;4.735714285714286
2012;3;Registro;197.59999999999997;6.374193548387096
2012;4;Registro;60.4;2.013333333333333
2012;5;Registro;23.799999999999997;0.7677419354838709
2012;6;Registro;93.20000000000002;3.1066666666666674
2012;7;Registro;35.599999999999994;1.1483870967741934
2012;8;Registro;0.0;0.0
2012;9;Registro;81.40000000000002;2.713333333333334
2012;1;Sete Barras;255.20000000000002;8.23225806451613
2012;10;Sete Barras;33.4;1.0774193548387097
2012;11;Sete Barras;96.0;3.2
2012;12;Sete Barras;154.39999999999998;4.9806451612903215
2012;2;Sete Barras;61.599999999999994;2.1999999999999997
2012;3;Sete Barras;65.2;2.103225806451613
2012;4;Sete Barras;138.40000000000003;4.613333333333334
2012;5;Sete Barras;78.00000000000003;2.5161290322580654
2012;6;Sete Barras;246.00000000000006;8.200000000000001
2012;7;Sete Barras;29.4;0.9483870967741935
2012;8;Sete Barras;0.4;0.012903225806451613
2012;9;Sete Barras;58.2;1.9400000000000002
2013;1;Barra do Turvo;11.999999999999998;0.3870967741935483
2013;10;Barra do Turvo;70.40000000000009;2.270967741935487
2013;11;Barra do Turvo;247.39999999999972;8.246666666666657
2013;12;Barra do Turvo;191.79999999999995;6.187096774193547
2013;2;Barra do Turvo;58.4;2.085714285714286
2013;3;Barra do Turvo;170.20000000000005;5.490322580645163
2013;4;Barra do Turvo;58.40000000000004;1.946666666666668
2013;5;Barra do Turvo;84.80000000000004;2.735483870967743
2013;6;Barra do Turvo;220.79999999999995;7.3599999999999985
2013;7;Barra do Turvo;78.20000000000005;2.522580645161292
2013;8;Barra do Turvo;31.99999999999997;1.0322580645161281
2013;9;Barra do Turvo;72.4;2.4133333333333336
2013;1;Cajati;279.2;9.006451612903225
2013;10;Cajati;98.40000000000003;3.1741935483870978
2013;11;Cajati;136.40000000000003;4.546666666666668
2013;12;Cajati;45.000000000000014;1.451612903225807
2013;2;Cajati;308.5999999999998;11.021428571428563
2013;3;Cajati;247.79999999999995;7.993548387096773
2013;4;Cajati;43.8;1.46
2013;5;Cajati;7.8;0.25161290322580643
2013;6;Cajati;136.60000000000005;4.5533333333333355
2013;7;Cajati;59.599999999999994;1.9225806451612901
2013;8;Cajati;1.5999999999999999;0.051612903225806445
2013;9;Cajati;64.0;2.1333333333333333
2013;1;Cananeia;403.9999999999993;13.032258064516107
2013;10;Cananeia;112.40000000000002;3.625806451612904
2013;11;Cananeia;169.39999999999986;5.646666666666662
2013;12;Cananeia;295.79999999999967;9.541935483870956
2013;2;Cananeia;196.7999999999992;7.028571428571399
2013;3;Cananeia;208.60000000000008;6.729032258064518
2013;4;Cananeia;158.59999999999985;5.286666666666662
2013;5;Cananeia;130.2;4.199999999999999
2013;6;Cananeia;24.99999999999999;0.8333333333333329
2013;7;Cananeia;36.00000000000001;1.1612903225806455
2013;8;Cananeia;4.4;0.14193548387096774
2013;9;Cananeia;73.00000000000001;2.433333333333334
2013;1;Eldorado;203.2;6.554838709677419
2013;10;Eldorado;55.800000000000004;1.8
2013;11;Eldorado;103.60000000000004;3.4533333333333345
2013;12;Eldorado;192.7999999999999;6.219354838709674
2013;2;Eldorado;132.00000000000003;4.714285714285715
2013;3;Eldorado;223.00000000000003;7.193548387096775
2013;4;Eldorado;97.60000000000002;3.2533333333333343
2013;5;Eldorado;30.2;0.9741935483870967
2013;6;Eldorado;92.40000000000003;3.080000000000001
2013;7;Eldorado;21.400000000000002;0.6903225806451614
2013;8;Eldorado;0.0;0.0
2013;9;Eldorado;72.60000000000002;2.420000000000001
2013;1;Iguape;337.3999999999996;10.883870967741922
2013;10;Iguape;169.2;5.458064516129032
2013;11;Iguape;293.79999999999956;9.793333333333319
2013;12;Iguape;65.60000000000002;2.116129032258065
2013;2;Iguape;232.00000000000009;8.285714285714288
2013;3;Iguape;293.39999999999986;9.464516129032253
2013;4;Iguape;65.60000000000004;2.186666666666668
2013;5;Iguape;132.8000000000001;4.283870967741938
2013;6;Iguape;154.99999999999986;5.166666666666662
2013;7;Iguape;177.8;5.735483870967743
2013;8;Iguape;84.80000000000008;2.7354838709677445
2013;9;Iguape;197.40000000000006;6.580000000000002
2013;1;Ilha Comprida;136.20000000000007;4.393548387096777
2013;10;Ilha Comprida;115.80000000000003;3.7354838709677427
2013;11;Ilha Comprida;110.60000000000004;3.686666666666668
2013;12;Ilha Comprida;114.40000000000005;3.6903225806451627
2013;2;Ilha Comprida;62.00000000000001;2.2142857142857144
2013;3;Ilha Comprida;154.80000000000007;4.9935483870967765
2013;4;Ilha Comprida;98.00000000000001;3.266666666666667
2013;5;Ilha Comprida;31.59999999999999;1.0193548387096771
2013;6;Ilha Comprida;125.20000000000002;4.173333333333334
2013;7;Ilha Comprida;52.40000000000001;1.6903225806451616
2013;8;Ilha Comprida;3.4;0.10967741935483871
2013;9;Ilha Comprida;66.80000000000003;2.2266666666666675
2013;1;Iporanga;200.99999999999991;6.483870967741932
2013;10;Iporanga;90.60000000000002;2.922580645161291
2013;11;Iporanga;187.59999999999994;6.253333333333331
2013;12;Iporanga;92.80000000000004;2.9935483870967756
2013;2;Iporanga;130.60000000000002;4.6642857142857155
2013;3;Iporanga;226.79999999999995;7.316129032258063
2013;4;Iporanga;100.60000000000005;3.353333333333335
2013;5;Iporanga;132.2;4.264516129032257
2013;6;Iporanga;10.799999999999997;0.35999999999999993
2013;7;Iporanga;12.599999999999998;0.40645161290322573
2013;8;Iporanga;0.4;0.012903225806451613
2013;9;Iporanga;61.00000000000001;2.0333333333333337
2013;1;Itariri;380.59999999999985;12.277419354838704
2013;10;Itariri;159.20000000000002;5.135483870967742
2013;11;Itariri;132.80000000000007;4.4266666666666685
2013;12;Itariri;78.20000000000002;2.5225806451612907
2013;2;Itariri;227.2;8.114285714285714
2013;3;Itariri;170.8;5.509677419354839
2013;4;Itariri;109.40000000000002;3.6466666666666674
2013;5;Itariri;123.00000000000003;3.967741935483872
2013;6;Itariri;87.40000000000005;2.913333333333335
2013;7;Itariri;31.19999999999999;1.0064516129032255
2013;8;Itariri;1.0;0.03225806451612903
2013;9;Itariri;51.20000000000001;1.706666666666667
2013;1;Jacupiranga;127.80000000000005;4.122580645161292
2013;10;Jacupiranga;128.60000000000002;4.1483870967741945
2013;11;Jacupiranga;57.799999999999976;1.9266666666666659
2013;12;Jacupiranga;53.20000000000001;1.716129032258065
2013;2;Jacupiranga;254.00000000000006;9.071428571428573
2013;3;Jacupiranga;108.60000000000004;3.503225806451614
2013;4;Jacupiranga;156.59999999999997;5.219999999999999
2013;5;Jacupiranga;83.40000000000002;2.690322580645162
2013;6;Jacupiranga;177.59999999999985;5.9199999999999955
2013;7;Jacupiranga;114.80000000000003;3.7032258064516137
2013;8;Jacupiranga;8.4;0.2709677419354839
2013;9;Jacupiranga;120.60000000000007;4.020000000000002
2013;1;Juquia;84.4;2.7225806451612904
2013;10;Juquia;139.4;4.496774193548387
2013;11;Juquia;113.0;3.7666666666666666
2013;12;Juquia;86.80000000000003;2.8000000000000007
2013;2;Juquia;20.799999999999997;0.7428571428571428
2013;3;Juquia;238.1999999999999;7.683870967741933
2013;4;Juquia;243.6;8.12
2013;5;Juquia;164.4;5.303225806451613
2013;6;Juquia;159.39999999999995;5.313333333333332
2013;7;Juquia;34.8;1.1225806451612903
2013;8;Juquia;0.6000000000000001;0.019354838709677424
2013;9;Juquia;113.20000000000003;3.7733333333333343
2013;1;Miracatu;253.79999999999978;8.187096774193542
2013;10;Miracatu;167.40000000000006;5.400000000000002
2013;11;Miracatu;124.40000000000003;4.146666666666667
2013;12;Miracatu;127.20000000000002;4.103225806451613
2013;2;Miracatu;119.00000000000006;4.250000000000002
2013;3;Miracatu;150.79999999999993;4.864516129032256
2013;4;Miracatu;184.3999999999999;6.146666666666663
2013;5;Miracatu;89.2;2.8774193548387097
2013;6;Miracatu;139.20000000000007;4.640000000000002
2013;7;Miracatu;49.60000000000002;1.6000000000000008
2013;8;Miracatu;2.6;0.08387096774193549
2013;9;Miracatu;30.39999999999998;1.0133333333333328
2013;1;Pariquera-Acu;273.0;8.806451612903226
2013;10;Pariquera-Acu;92.60000000000002;2.987096774193549
2013;11;Pariquera-Acu;153.59999999999988;5.119999999999996
2013;12;Pariquera-Acu;38.59999999999994;1.2451612903225786
2013;2;Pariquera-Acu;128.40000000000003;4.585714285714287
2013;3;Pariquera-Acu;163.6;5.27741935483871
2013;4;Pariquera-Acu;40.4;1.3466666666666667
2013;5;Pariquera-Acu;100.6;3.2451612903225806
2013;6;Pariquera-Acu;22.199999999999992;0.7399999999999998
2013;7;Pariquera-Acu;25.4;0.8193548387096774
2013;8;Pariquera-Acu;0.0;0.0
2013;9;Pariquera-Acu;105.40000000000002;3.513333333333334
2013;1;Pedro de Toledo;209.19999999999985;6.748387096774189
2013;10;Pedro de Toledo;98.20000000000002;3.1677419354838716
2013;11;Pedro de Toledo;45.00000000000001;1.5000000000000002
2013;12;Pedro de Toledo;239.9999999999999;7.741935483870964
2013;2;Pedro de Toledo;202.00000000000003;7.214285714285715
2013;3;Pedro de Toledo;144.0;4.645161290322581
2013;4;Pedro de Toledo;80.80000000000001;2.693333333333334
2013;5;Pedro de Toledo;6.600000000000001;0.21290322580645166
2013;6;Pedro de Toledo;15.799999999999997;0.5266666666666666
2013;7;Pedro de Toledo;12.799999999999997;0.4129032258064515
2013;8;Pedro de Toledo;1.0;0.03225806451612903
2013;9;Pedro de Toledo;49.20000000000002;1.6400000000000006
2013;1;Registro;269.00000000000006;8.677419354838712
2013;10;Registro;111.80000000000003;3.6064516129032267
2013;11;Registro;152.0;5.066666666666666
2013;12;Registro;128.40000000000003;4.141935483870969
2013;2;Registro;304.99999999999983;10.892857142857137
2013;3;Registro;255.59999999999977;8.245161290322573
2013;4;Registro;113.6;3.7866666666666666
2013;5;Registro;127.0;4.096774193548387
2013;6;Registro;81.39999999999999;2.713333333333333
2013;7;Registro;12.599999999999994;0.4064516129032256
2013;8;Registro;21.199999999999996;0.6838709677419353
2013;9;Registro;74.4;2.48
2013;1;Sete Barras;92.60000000000001;2.9870967741935486
2013;10;Sete Barras;129.79999999999995;4.187096774193547
2013;11;Sete Barras;89.80000000000001;2.9933333333333336
2013;12;Sete Barras;0.0;0.0
2013;2;Sete Barras;58.60000000000001;2.092857142857143
2013;3;Sete Barras;86.40000000000002;2.787096774193549
2013;4;Sete Barras;0.0;0.0
2013;5;Sete Barras;31.2;1.0064516129032257
2013;6;Sete Barras;41.60000000000003;1.3866666666666676
2013;7;Sete Barras;34.40000000000001;1.109677419354839
2013;8;Sete Barras;3.2000000000000006;0.10322580645161292
2013;9;Sete Barras;84.60000000000001;2.8200000000000003
2014;1;Barra do Turvo;233.0;7.516129032258065
2014;10;Barra do Turvo;56.60000000000001;1.8258064516129036
2014;11;Barra do Turvo;115.60000000000008;3.853333333333336
2014;12;Barra do Turvo;200.59999999999988;6.47096774193548
2014;2;Barra do Turvo;323.9999999999997;11.57142857142856
2014;3;Barra do Turvo;182.9999999999998;5.903225806451607
2014;4;Barra do Turvo;196.7999999999997;6.55999999999999
2014;5;Barra do Turvo;29.199999999999985;0.9419354838709673
2014;6;Barra do Turvo;68.80000000000013;2.2933333333333374
2014;7;Barra do Turvo;43.400000000000034;1.400000000000001
2014;8;Barra do Turvo;74.60000000000002;2.4064516129032265
2014;9;Barra do Turvo;123.40000000000012;4.113333333333338
2014;1;Cajati;93.00000000000001;3.0000000000000004
2014;10;Cajati;29.200000000000006;0.9419354838709679
2014;11;Cajati;115.00000000000003;3.8333333333333344
2014;12;Cajati;223.5999999999998;7.212903225806445
2014;2;Cajati;51.60000000000002;1.8428571428571436
2014;3;Cajati;181.8;5.864516129032259
2014;4;Cajati;84.40000000000002;2.813333333333334
2014;5;Cajati;41.600000000000016;1.3419354838709683
2014;6;Cajati;15.8;0.5266666666666667
2014;7;Cajati;13.6;0.43870967741935485
2014;8;Cajati;12.799999999999999;0.41290322580645156
2014;9;Cajati;150.39999999999992;5.013333333333331
2014;1;Cananeia;50.6;1.632258064516129
2014;10;Cananeia;61.199999999999996;1.9741935483870967
2014;11;Cananeia;218.99999999999974;7.299999999999992
2014;12;Cananeia;116.80000000000021;3.767741935483878
2014;2;Cananeia;49.400000000000006;1.7642857142857145
2014;3;Cananeia;9.4;0.3032258064516129
2014;4;Cananeia;70.2;2.3400000000000003
2014;5;Cananeia;25.79999999999999;0.8322580645161287
2014;6;Cananeia;7.800000000000002;0.26000000000000006
2014;7;Cananeia;43.20000000000002;1.3935483870967746
2014;8;Cananeia;0.0;0.0
2014;9;Cananeia;59.80000000000008;1.993333333333336
2014;1;Eldorado;194.60000000000002;6.2774193548387105
2014;10;Eldorado;83.40000000000006;2.690322580645163
2014;11;Eldorado;141.40000000000003;4.713333333333335
2014;12;Eldorado;198.4;6.4
2014;2;Eldorado;92.40000000000008;3.300000000000003
2014;3;Eldorado;135.39999999999995;4.36774193548387
2014;4;Eldorado;38.600000000000016;1.2866666666666673
2014;5;Eldorado;25.2;0.8129032258064516
2014;6;Eldorado;3.000000000000001;0.10000000000000003
2014;7;Eldorado;81.00000000000003;2.6129032258064524
2014;8;Eldorado;0.0;0.0
2014;9;Eldorado;102.39999999999999;3.413333333333333
2014;1;Iguape;0.0;0.0
2014;10;Iguape;27.39999999999999;0.8838709677419352
2014;11;Iguape;88.00000000000003;2.9333333333333345
2014;12;Iguape;216.39999999999992;6.98064516129032
2014;2;Iguape;0.0;0.0
2014;3;Iguape;1.0;0.03225806451612903
2014;4;Iguape;160.20000000000007;5.3400000000000025
2014;5;Iguape;129.20000000000002;4.167741935483871
2014;6;Iguape;112.2000000000001;3.7400000000000033
2014;7;Iguape;139.00000000000003;4.483870967741937
2014;8;Iguape;128.4000000000001;4.141935483870971
2014;9;Iguape;116.00000000000013;3.866666666666671
2014;1;Ilha Comprida;79.40000000000002;2.561290322580646
2014;10;Ilha Comprida;19.799999999999997;0.6387096774193547
2014;11;Ilha Comprida;151.20000000000002;5.040000000000001
2014;12;Ilha Comprida;227.7999999999999;7.34838709677419
2014;2;Ilha Comprida;157.80000000000004;5.635714285714287
2014;3;Ilha Comprida;109.60000000000002;3.5354838709677425
2014;4;Ilha Comprida;88.20000000000005;2.9400000000000017
2014;5;Ilha Comprida;27.39999999999999;0.8838709677419352
2014;6;Ilha Comprida;15.199999999999996;0.5066666666666665
2014;7;Ilha Comprida;26.799999999999983;0.8645161290322575
2014;8;Ilha Comprida;40.800000000000026;1.3161290322580654
2014;9;Ilha Comprida;83.20000000000007;2.7733333333333356
2014;1;Iporanga;60.0;1.935483870967742
2014;10;Iporanga;18.59999999999999;0.5999999999999998
2014;11;Iporanga;283.19999999999993;9.439999999999998
2014;12;Iporanga;180.99999999999994;5.838709677419353
2014;2;Iporanga;114.19999999999999;4.078571428571428
2014;3;Iporanga;171.8;5.541935483870968
2014;4;Iporanga;95.0;3.1666666666666665
2014;5;Iporanga;8.999999999999998;0.29032258064516125
2014;6;Iporanga;0.6000000000000001;0.020000000000000004
2014;7;Iporanga;26.199999999999996;0.8451612903225805
2014;8;Iporanga;0.0;0.0
2014;9;Iporanga;65.0;2.1666666666666665
2014;1;Itariri;215.4;6.948387096774193
2014;10;Itariri;36.199999999999996;1.1677419354838707
2014;11;Itariri;162.00000000000003;5.400000000000001
2014;12;Itariri;225.0000000000001;7.258064516129036
2014;2;Itariri;94.00000000000003;3.357142857142858
2014;3;Itariri;87.20000000000003;2.8129032258064526
2014;4;Itariri;99.80000000000003;3.3266666666666675
2014;5;Itariri;71.60000000000001;2.309677419354839
2014;6;Itariri;0.4;0.013333333333333334
2014;7;Itariri;29.599999999999998;0.9548387096774192
2014;8;Itariri;26.999999999999996;0.8709677419354838
2014;9;Itariri;126.00000000000006;4.200000000000002
2014;1;Jacupiranga;121.80000000000004;3.9290322580645176
2014;10;Jacupiranga;41.0;1.3225806451612903
2014;11;Jacupiranga;132.8;4.426666666666667
2014;12;Jacupiranga;148.00000000000006;4.774193548387099
2014;2;Jacupiranga;83.40000000000003;2.97857142857143
2014;3;Jacupiranga;115.20000000000032;3.716129032258075
2014;4;Jacupiranga;69.80000000000003;2.3266666666666675
2014;5;Jacupiranga;103.20000000000005;3.3290322580645175
2014;6;Jacupiranga;105.40000000000003;3.5133333333333345
2014;7;Jacupiranga;16.2;0.5225806451612903
2014;8;Jacupiranga;38.99999999999999;1.258064516129032
2014;9;Jacupiranga;171.79999999999993;5.726666666666664
2014;1;Juquia;192.59999999999977;6.2129032258064445
2014;10;Juquia;22.999999999999993;0.7419354838709675
2014;11;Juquia;184.39999999999995;6.146666666666665
2014;12;Juquia;436.1999999999997;14.070967741935474
2014;2;Juquia;83.4;2.9785714285714286
2014;3;Juquia;188.5999999999999;6.083870967741933
2014;4;Juquia;102.20000000000002;3.406666666666667
2014;5;Juquia;83.20000000000003;2.6838709677419366
2014;6;Juquia;3.4000000000000004;0.11333333333333334
2014;7;Juquia;57.40000000000002;1.851612903225807
2014;8;Juquia;13.799999999999997;0.44516129032258056
2014;9;Juquia;177.39999999999998;5.913333333333332
2014;1;Miracatu;86.60000000000002;2.793548387096775
2014;10;Miracatu;19.599999999999998;0.632258064516129
2014;11;Miracatu;167.60000000000005;5.586666666666669
2014;12;Miracatu;281.9999999999999;9.096774193548383
2014;2;Miracatu;53.60000000000001;1.9142857142857146
2014;3;Miracatu;130.80000000000007;4.2193548387096795
2014;4;Miracatu;24.799999999999994;0.8266666666666664
2014;5;Miracatu;39.40000000000003;1.2709677419354848
2014;6;Miracatu;2.4000000000000004;0.08000000000000002
2014;7;Miracatu;20.199999999999996;0.6516129032258063
2014;8;Miracatu;6.6;0.2129032258064516
2014;9;Miracatu;2.2;0.07333333333333333
2014;1;Pariquera-Acu;7.600000000000003;0.24516129032258074
2014;10;Pariquera-Acu;29.999999999999993;0.9677419354838708
2014;11;Pariquera-Acu;0.0;0.0
2014;12;Pariquera-Acu;0.0;0.0
2014;2;Pariquera-Acu;13.199999999999992;0.47142857142857114
2014;3;Pariquera-Acu;94.80000000000001;3.0580645161290327
2014;4;Pariquera-Acu;30.999999999999996;1.0333333333333332
2014;5;Pariquera-Acu;11.799999999999995;0.38064516129032244
2014;6;Pariquera-Acu;2.1999999999999997;0.07333333333333332
2014;7;Pariquera-Acu;36.800000000000004;1.1870967741935485
2014;8;Pariquera-Acu;0.2;0.0064516129032258064
2014;9;Pariquera-Acu;56.80000000000002;1.893333333333334
2014;1;Pedro de Toledo;79.79999999999998;2.5741935483870964
2014;10;Pedro de Toledo;11.999999999999998;0.3870967741935483
2014;11;Pedro de Toledo;219.59999999999988;7.319999999999996
2014;12;Pedro de Toledo;152.20000000000005;4.90967741935484
2014;2;Pedro de Toledo;67.80000000000003;2.421428571428572
2014;3;Pedro de Toledo;163.19999999999996;5.264516129032256
2014;4;Pedro de Toledo;39.0;1.3
2014;5;Pedro de Toledo;43.40000000000002;1.4000000000000006
2014;6;Pedro de Toledo;4.4;0.14666666666666667
2014;7;Pedro de Toledo;25.399999999999984;0.819354838709677
2014;8;Pedro de Toledo;0.0;0.0
2014;9;Pedro de Toledo;19.599999999999998;0.6533333333333332
2014;1;Registro;0.0;0.0
2014;10;Registro;23.399999999999988;0.754838709677419
2014;11;Registro;251.99999999999986;8.399999999999995
2014;12;Registro;194.7999999999998;6.2838709677419295
2014;2;Registro;0.0;0.0
2014;3;Registro;0.0;0.0
2014;4;Registro;0.0;0.0
2014;5;Registro;13.799999999999999;0.4451612903225806
2014;6;Registro;7.8;0.26
2014;7;Registro;61.40000000000002;1.9806451612903233
2014;8;Registro;0.0;0.0
2014;9;Registro;46.0;1.5333333333333334
2014;1;Sete Barras;17.4;0.5612903225806452
2014;10;Sete Barras;70.00000000000001;2.258064516129033
2014;11;Sete Barras;192.60000000000002;6.420000000000001
2014;12;Sete Barras;275.00000000000006;8.870967741935486
2014;2;Sete Barras;114.80000000000001;4.1000000000000005
2014;3;Sete Barras;50.599999999999994;1.6322580645161289
2014;4;Sete Barras;30.599999999999998;1.02
2014;5;Sete Barras;58.60000000000001;1.8903225806451616
2014;6;Sete Barras;5.600000000000001;0.1866666666666667
2014;7;Sete Barras;63.0;2.032258064516129
2014;8;Sete Barras;11.199999999999998;0.3612903225806451
2014;9;Sete Barras;125.00000000000004;4.166666666666668
2015;1;Barra do Turvo;289.99999999999983;9.354838709677415
2015;10;Barra do Turvo;175.39999999999972;5.6580645161290235
2015;11;Barra do Turvo;187.19999999999976;6.239999999999992
2015;12;Barra do Turvo;321.59999999999985;10.374193548387092
2015;2;Barra do Turvo;311.1999999999997;11.114285714285703
2015;3;Barra do Turvo;218.19999999999982;7.038709677419349
2015;4;Barra do Turvo;92.60000000000008;3.086666666666669
2015;5;Barra do Turvo;31.599999999999973;1.0193548387096765
2015;6;Barra do Turvo;46.000000000000064;1.5333333333333354
2015;7;Barra do Turvo;30.4;0.9806451612903225
2015;8;Barra do Turvo;17.399999999999988;0.5612903225806448
2015;9;Barra do Turvo;159.40000000000003;5.313333333333334
2015;1;Cajati;184.8;5.961290322580646
2015;10;Cajati;85.40000000000009;2.7548387096774225
2015;11;Cajati;399.79999999999984;13.32666666666666
2015;12;Cajati;282.3999999999998;9.109677419354833
2015;2;Cajati;276.9999999999997;9.892857142857133
2015;3;Cajati;189.4;6.109677419354839
2015;4;Cajati;99.60000000000001;3.3200000000000003
2015;5;Cajati;93.80000000000005;3.025806451612905
2015;6;Cajati;5.4;0.18000000000000002
2015;7;Cajati;131.39999999999995;4.238709677419354
2015;8;Cajati;33.79999999999997;1.0903225806451602
2015;9;Cajati;165.79999999999993;5.526666666666665
2015;1;Cananeia;58.40000000000002;1.883870967741936
2015;10;Cananeia;90.40000000000002;2.9161290322580653
2015;11;Cananeia;175.39999999999944;5.846666666666648
2015;12;Cananeia;95.00000000000041;3.0645161290322713
2015;2;Cananeia;217.19999999999993;7.7571428571428545
2015;3;Cananeia;220.39999999999998;7.1096774193548375
2015;4;Cananeia;25.599999999999994;0.8533333333333332
2015;5;Cananeia;0.6000000000000001;0.019354838709677424
2015;6;Cananeia;0.0;0.0
2015;7;Cananeia;0.0;0.0
2015;8;Cananeia;13.599999999999998;0.4387096774193548
2015;9;Cananeia;119.00000000000009;3.9666666666666694
2015;1;Eldorado;169.00000000000003;5.451612903225807
2015;10;Eldorado;49.60000000000001;1.6000000000000003
2015;11;Eldorado;261.00000000000006;8.700000000000001
2015;12;Eldorado;164.8;5.316129032258065
2015;2;Eldorado;336.1999999999998;12.007142857142851
2015;3;Eldorado;204.59999999999988;6.599999999999996
2015;4;Eldorado;29.199999999999992;0.973333333333333
2015;5;Eldorado;150.99999999999997;4.870967741935483
2015;6;Eldorado;20.399999999999995;0.6799999999999998
2015;7;Eldorado;73.40000000000002;2.367741935483872
2015;8;Eldorado;13.799999999999995;0.4451612903225805
2015;9;Eldorado;159.2;5.306666666666667
2015;1;Iguape;154.4;4.980645161290322
2015;10;Iguape;86.00000000000006;2.7741935483870988
2015;11;Iguape;397.59999999999945;13.253333333333314
2015;12;Iguape;257.2;8.296774193548387
2015;2;Iguape;241.1999999999999;8.61428571428571
2015;3;Iguape;400.99999999999983;12.935483870967737
2015;4;Iguape;170.79999999999987;5.693333333333329
2015;5;Iguape;100.6000000000001;3.2451612903225837
2015;6;Iguape;133.00000000000003;4.4333333333333345
2015;7;Iguape;128.20000000000005;4.135483870967743
2015;8;Iguape;43.2;1.3935483870967742
2015;9;Iguape;10.799999999999999;0.36
2015;1;Ilha Comprida;199.8;6.445161290322581
2015;10;Ilha Comprida;100.60000000000002;3.2451612903225815
2015;11;Ilha Comprida;284.1999999999998;9.473333333333327
2015;12;Ilha Comprida;72.8;2.3483870967741933
2015;2;Ilha Comprida;241.99999999999997;8.642857142857142
2015;3;Ilha Comprida;164.99999999999994;5.322580645161288
2015;4;Ilha Comprida;33.8;1.1266666666666665
2015;5;Ilha Comprida;66.80000000000007;2.1548387096774215
2015;6;Ilha Comprida;5.800000000000001;0.19333333333333336
2015;7;Ilha Comprida;124.00000000000006;4.000000000000002
2015;8;Ilha Comprida;19.199999999999996;0.6193548387096773
2015;9;Ilha Comprida;190.39999999999998;6.346666666666666
2015;1;Iporanga;138.2;4.458064516129032
2015;10;Iporanga;35.60000000000002;1.1483870967741943
2015;11;Iporanga;107.80000000000014;3.593333333333338
2015;12;Iporanga;0.0;0.0
2015;2;Iporanga;101.20000000000002;3.6142857142857148
2015;3;Iporanga;195.80000000000007;6.3161290322580665
2015;4;Iporanga;56.40000000000003;1.880000000000001
2015;5;Iporanga;67.40000000000005;2.174193548387098
2015;6;Iporanga;20.199999999999996;0.6733333333333332
2015;7;Iporanga;0.0;0.0
2015;8;Iporanga;0.0;0.0
2015;9;Iporanga;129.40000000000003;4.313333333333334
2015;1;Itariri;192.40000000000006;6.206451612903228
2015;10;Itariri;69.40000000000002;2.2387096774193553
2015;11;Itariri;235.20000000000002;7.840000000000001
2015;12;Itariri;154.00000000000006;4.967741935483873
2015;2;Itariri;256.39999999999986;9.157142857142853
2015;3;Itariri;175.19999999999987;5.651612903225803
2015;4;Itariri;0.0;0.0
2015;5;Itariri;67.0;2.161290322580645
2015;6;Itariri;3.6000000000000005;0.12000000000000002
2015;7;Itariri;77.20000000000002;2.4903225806451617
2015;8;Itariri;22.0;0.7096774193548387
2015;9;Itariri;204.6;6.819999999999999
2015;1;Jacupiranga;103.60000000000004;3.341935483870969
2015;10;Jacupiranga;199.1999999999998;6.425806451612896
2015;11;Jacupiranga;208.20000000000002;6.94
2015;12;Jacupiranga;324.39999999999975;10.46451612903225
2015;2;Jacupiranga;179.99999999999997;6.428571428571428
2015;3;Jacupiranga;293.5999999999996;9.470967741935471
2015;4;Jacupiranga;8.0;0.26666666666666666
2015;5;Jacupiranga;10.599999999999996;0.3419354838709676
2015;6;Jacupiranga;26.2;0.8733333333333333
2015;7;Jacupiranga;171.2;5.52258064516129
2015;8;Jacupiranga;35.4;1.1419354838709677
2015;9;Jacupiranga;229.99999999999997;7.666666666666666
2015;1;Juquia;154.79999999999998;4.993548387096774
2015;10;Juquia;103.0;3.3225806451612905
2015;11;Juquia;25.2;0.84
2015;12;Juquia;334.9999999999998;10.806451612903219
2015;2;Juquia;185.79999999999998;6.635714285714285
2015;3;Juquia;158.79999999999978;5.122580645161284
2015;4;Juquia;0.0;0.0
2015;5;Juquia;102.40000000000002;3.3032258064516133
2015;6;Juquia;12.0;0.4
2015;7;Juquia;89.4;2.883870967741936
2015;8;Juquia;36.599999999999994;1.1806451612903224
2015;9;Juquia;231.99999999999986;7.733333333333329
2015;1;Miracatu;113.60000000000002;3.664516129032259
2015;10;Miracatu;79.99999999999999;2.580645161290322
2015;11;Miracatu;264.9999999999999;8.83333333333333
2015;12;Miracatu;248.3999999999999;8.012903225806449
2015;2;Miracatu;249.40000000000003;8.907142857142858
2015;3;Miracatu;137.00000000000006;4.419354838709679
2015;4;Miracatu;12.999999999999998;0.4333333333333333
2015;5;Miracatu;88.40000000000003;2.8516129032258077
2015;6;Miracatu;2.6;0.08666666666666667
2015;7;Miracatu;40.0;1.2903225806451613
2015;8;Miracatu;33.400000000000006;1.0774193548387099
2015;9;Miracatu;141.60000000000005;4.7200000000000015
2015;1;Pariquera-Acu;0.0;0.0
2015;10;Pariquera-Acu;59.60000000000001;1.9225806451612906
2015;11;Pariquera-Acu;258.8;8.626666666666667
2015;12;Pariquera-Acu;233.39999999999992;7.529032258064514
2015;2;Pariquera-Acu;69.2;2.4714285714285715
2015;3;Pariquera-Acu;216.39999999999995;6.980645161290321
2015;4;Pariquera-Acu;28.199999999999992;0.9399999999999997
2015;5;Pariquera-Acu;125.80000000000004;4.058064516129034
2015;6;Pariquera-Acu;6.000000000000002;0.20000000000000007
2015;7;Pariquera-Acu;40.40000000000002;1.3032258064516136
2015;8;Pariquera-Acu;4.6;0.14838709677419354
2015;9;Pariquera-Acu;52.199999999999996;1.7399999999999998
2015;1;Pedro de Toledo;193.39999999999995;6.238709677419354
2015;10;Pedro de Toledo;94.80000000000001;3.0580645161290327
2015;11;Pedro de Toledo;271.19999999999993;9.039999999999997
2015;12;Pedro de Toledo;147.00000000000003;4.741935483870969
2015;2;Pedro de Toledo;284.3999999999998;10.15714285714285
2015;3;Pedro de Toledo;162.79999999999995;5.251612903225805
2015;4;Pedro de Toledo;12.6;0.42
2015;5;Pedro de Toledo;154.40000000000006;4.980645161290324
2015;6;Pedro de Toledo;3.8000000000000007;0.12666666666666668
2015;7;Pedro de Toledo;58.600000000000016;1.8903225806451618
2015;8;Pedro de Toledo;8.8;0.2838709677419355
2015;9;Pedro de Toledo;136.0;4.533333333333333
2015;1;Registro;213.79999999999998;6.896774193548387
2015;10;Registro;140.6;4.535483870967742
2015;11;Registro;242.5999999999999;8.086666666666664
2015;12;Registro;157.5999999999999;5.083870967741933
2015;2;Registro;66.60000000000029;2.378571428571439
2015;3;Registro;136.0;4.387096774193548
2015;4;Registro;138.39999999999992;4.613333333333331
2015;5;Registro;81.00000000000007;2.6129032258064537
2015;6;Registro;30.0;1.0
2015;7;Registro;13.0;0.41935483870967744
2015;8;Registro;2.2;0.07096774193548387
2015;9;Registro;131.0;4.366666666666666
2015;1;Sete Barras;115.60000000000004;3.7290322580645174
2015;10;Sete Barras;196.80000000000007;6.3483870967741955
2015;11;Sete Barras;379.2000000000001;12.640000000000004
2015;12;Sete Barras;259.79999999999995;8.380645161290321
2015;2;Sete Barras;240.39999999999992;8.585714285714284
2015;3;Sete Barras;103.60000000000005;3.3419354838709694
2015;4;Sete Barras;64.60000000000002;2.153333333333334
2015;5;Sete Barras;111.80000000000004;3.606451612903227
2015;6;Sete Barras;23.199999999999996;0.7733333333333332
2015;7;Sete Barras;149.59999999999988;4.825806451612899
2015;8;Sete Barras;23.4;0.7548387096774193
2015;9;Sete Barras;143.0;4.766666666666667
2016;1;Barra do Turvo;248.59999999999968;8.019354838709667
2016;2;Barra do Turvo;351.3999999999997;12.549999999999988
2016;3;Barra do Turvo;107.20000000000006;3.458064516129034
2016;4;Barra do Turvo;72.60000000000004;2.4200000000000013
2016;5;Barra do Turvo;109.00000000000004;3.516129032258066
2016;6;Barra do Turvo;138.60000000000005;4.620000000000002
2016;7;Barra do Turvo;84.40000000000009;2.722580645161293
2016;8;Barra do Turvo;204.79999999999987;6.606451612903221
2016;9;Barra do Turvo;71.4000000000001;2.3800000000000034
2016;1;Cajati;227.7999999999998;7.3483870967741876
2016;2;Cajati;172.2;6.1499999999999995
2016;3;Cajati;103.40000000000006;3.335483870967744
2016;4;Cajati;37.4;1.2466666666666666
2016;5;Cajati;173.40000000000006;5.593548387096776
2016;6;Cajati;120.99999999999997;4.033333333333332
2016;7;Cajati;12.6;0.4064516129032258
2016;8;Cajati;80.20000000000002;2.587096774193549
2016;9;Cajati;40.99999999999999;1.3666666666666665
2016;1;Cananeia;203.60000000000005;6.567741935483872
2016;2;Cananeia;128.60000000000008;4.592857142857146
2016;3;Cananeia;129.8000000000002;4.187096774193555
2016;4;Cananeia;6.000000000000002;0.20000000000000007
2016;5;Cananeia;0.0;0.0
2016;6;Cananeia;63.80000000000001;2.126666666666667
2016;7;Cananeia;0.6000000000000001;0.019354838709677424
2016;8;Cananeia;40.60000000000001;1.309677419354839
2016;9;Cananeia;3.8000000000000003;0.12666666666666668
2016;1;Eldorado;255.5999999999998;8.245161290322574
2016;2;Eldorado;73.80000000000003;2.6357142857142866
2016;3;Eldorado;78.20000000000002;2.5225806451612907
2016;4;Eldorado;24.199999999999996;0.8066666666666665
2016;5;Eldorado;35.4;1.1419354838709677
2016;6;Eldorado;48.40000000000001;1.6133333333333337
2016;7;Eldorado;0.8;0.025806451612903226
2016;8;Eldorado;41.599999999999994;1.3419354838709676
2016;9;Eldorado;16.400000000000002;0.5466666666666667
2016;1;Iguape;306.7999999999999;9.896774193548383
2016;2;Iguape;160.00000000000009;5.714285714285717
2016;3;Iguape;196.60000000000005;6.341935483870969
2016;4;Iguape;41.199999999999996;1.3733333333333333
2016;5;Iguape;92.20000000000006;2.9741935483870985
2016;6;Iguape;83.4;2.7800000000000002
2016;7;Iguape;2.1999999999999997;0.07096774193548386
2016;8;Iguape;0.0;0.0
2016;9;Iguape;0.0;0.0
2016;1;Ilha Comprida;229.9999999999999;7.4193548387096735
2016;2;Ilha Comprida;247.1999999999999;8.828571428571426
2016;3;Ilha Comprida;189.7999999999999;6.122580645161287
2016;4;Ilha Comprida;16.999999999999996;0.5666666666666665
2016;5;Ilha Comprida;102.00000000000003;3.2903225806451624
2016;6;Ilha Comprida;165.3999999999999;5.51333333333333
2016;7;Ilha Comprida;6.400000000000001;0.20645161290322583
2016;8;Ilha Comprida;74.39999999999999;2.4
2016;9;Ilha Comprida;23.199999999999992;0.7733333333333331
2016;1;Iporanga;31.000000000000004;1.0000000000000002
2016;2;Iporanga;94.80000000000005;3.3857142857142875
2016;3;Iporanga;243.79999999999987;7.864516129032254
2016;4;Iporanga;12.6;0.42
2016;5;Iporanga;100.20000000000003;3.23225806451613
2016;6;Iporanga;90.00000000000007;3.000000000000002
2016;7;Iporanga;0.6000000000000001;0.019354838709677424
2016;8;Iporanga;60.000000000000014;1.9354838709677424
2016;9;Iporanga;7.200000000000002;0.24000000000000007
2016;1;Itariri;346.39999999999975;11.17419354838709
2016;2;Itariri;192.6;6.878571428571428
2016;3;Itariri;122.2;3.9419354838709677
2016;4;Itariri;24.999999999999996;0.8333333333333333
2016;5;Itariri;154.4;4.980645161290322
2016;6;Itariri;143.6;4.786666666666666
2016;7;Itariri;7.8;0.25161290322580643
2016;8;Itariri;68.8;2.2193548387096773
2016;9;Itariri;37.00000000000001;1.2333333333333336
2016;1;Jacupiranga;290.3999999999999;9.367741935483869
2016;2;Jacupiranga;172.1999999999998;6.149999999999992
2016;3;Jacupiranga;132.39999999999998;4.2709677419354835
2016;4;Jacupiranga;30.599999999999994;1.0199999999999998
2016;5;Jacupiranga;148.40000000000006;4.78709677419355
2016;6;Jacupiranga;128.79999999999995;4.293333333333332
2016;7;Jacupiranga;37.60000000000001;1.2129032258064518
2016;8;Jacupiranga;118.00000000000003;3.806451612903227
2016;9;Jacupiranga;42.2;1.4066666666666667
2016;1;Juquia;298.19999999999993;9.619354838709675
2016;2;Juquia;303.79999999999967;10.849999999999989
2016;3;Juquia;122.40000000000003;3.9483870967741947
2016;4;Juquia;54.40000000000001;1.8133333333333337
2016;5;Juquia;154.60000000000005;4.98709677419355
2016;6;Juquia;93.00000000000001;3.1000000000000005
2016;7;Juquia;14.399999999999999;0.46451612903225803
2016;8;Juquia;112.80000000000003;3.6387096774193557
2016;9;Juquia;62.800000000000004;2.0933333333333333
2016;1;Miracatu;268.3999999999999;8.658064516129029
2016;2;Miracatu;194.3999999999998;6.942857142857136
2016;3;Miracatu;130.39999999999998;4.2064516129032254
2016;4;Miracatu;6.0;0.2
2016;5;Miracatu;68.20000000000003;2.200000000000001
2016;6;Miracatu;0.0;0.0
2016;7;Miracatu;0.0;0.0
2016;8;Miracatu;0.0;0.0
2016;9;Miracatu;21.200000000000003;0.7066666666666668
2016;1;Pariquera-Acu;353.5999999999998;11.406451612903219
2016;2;Pariquera-Acu;248.79999999999993;8.885714285714283
2016;3;Pariquera-Acu;53.800000000000004;1.735483870967742
2016;4;Pariquera-Acu;0.0;0.0
2016;5;Pariquera-Acu;93.80000000000003;3.025806451612904
2016;6;Pariquera-Acu;12.199999999999998;0.40666666666666657
2016;7;Pariquera-Acu;0.0;0.0
2016;8;Pariquera-Acu;0.0;0.0
2016;9;Pariquera-Acu;0.4;0.013333333333333334
2016;1;Pedro de Toledo;421.3999999999999;13.59354838709677
2016;2;Pedro de Toledo;123.40000000000003;4.407142857142858
2016;3;Pedro de Toledo;119.40000000000002;3.8516129032258073
2016;4;Pedro de Toledo;22.4;0.7466666666666666
2016;5;Pedro de Toledo;118.19999999999999;3.8129032258064512
2016;6;Pedro de Toledo;97.40000000000003;3.246666666666668
2016;7;Pedro de Toledo;4.6000000000000005;0.14838709677419357
2016;8;Pedro de Toledo;56.6;1.8258064516129033
2016;9;Pedro de Toledo;14.6;0.48666666666666664
2016;1;Registro;323.2;10.425806451612903
2016;2;Registro;188.59999999999988;6.735714285714281
2016;3;Registro;303.79999999999956;9.799999999999986
2016;4;Registro;6.800000000000003;0.22666666666666677
2016;5;Registro;32.39999999999999;1.0451612903225804
2016;6;Registro;59.00000000000002;1.9666666666666675
2016;7;Registro;0.2;0.0064516129032258064
2016;8;Registro;26.599999999999998;0.8580645161290322
2016;9;Registro;2.2;0.07333333333333333
2016;1;Sete Barras;200.99999999999986;6.483870967741931
2016;2;Sete Barras;259.79999999999995;9.278571428571427
2016;3;Sete Barras;87.0;2.806451612903226
2016;4;Sete Barras;90.0;3.0
2016;5;Sete Barras;114.20000000000003;3.6838709677419366
2016;6;Sete Barras;84.20000000000002;2.806666666666667
2016;7;Sete Barras;21.2;0.6838709677419355
2016;8;Sete Barras;100.4;3.238709677419355
2016;9;Sete Barras;54.99999999999999;1.833333333333333
2018;12;Registro;240.20000000000005;7.748387096774195
